Description,Price,Rating,Product URL
Zebronics Zeb Power Wired Mouse,₹149,4.0 out of 5 stars,https://www.amazon.in/gp/slredirect/picassoRedirect.html/ref=pa_sp_atf_aps_sr_pg1_1?ie=UTF8&adId=A06018562DOOEP51N8X4F&url=%2FZebronics-Zeb-Power-Wired-Mouse-Black%2Fdp%2FB07L9FW9GF%2Fref%3Dsr_1_1_sspa%3Fdchild%3D1%26keywords%3Dwired%2Bmouse%26qid%3D1627296382%26smid%3DA14CZOWI0VEHLG%26sr%3D8-1-spons%26psc%3D1&qualifier=1627296382&id=8824011014465572&widgetName=sp_atf
AmazonBasics Compact Ergonomic Wireless PC Mouse with Fast Scrolling - Black,"₹1,139",3.9 out of 5 stars,https://www.amazon.in/gp/slredirect/picassoRedirect.html/ref=pa_sp_atf_aps_sr_pg1_1?ie=UTF8&adId=A0180032CNIPZNPRRQ2L&url=%2FAmazonBasics-Compact-Ergonomic-Wireless-Scrolling%2Fdp%2FB078F698CQ%2Fref%3Dsr_1_2_sspa%3Fdchild%3D1%26keywords%3Dwired%2Bmouse%26qid%3D1627296382%26smid%3DAT95IG9ONZD7S%26sr%3D8-2-spons%26psc%3D1&qualifier=1627296382&id=8824011014465572&widgetName=sp_atf
"Lenovo 300 Wired Plug & Play USB Mouse, High Resolution 1600 DPI Optical Sensor, 3-Button Design with clickable Scroll Wheel, Ambidextrous, Ergonomic Mouse for Comfortable All-Day Grip (GX30M39704)",₹249,4.4 out of 5 stars,https://www.amazon.in/Lenovo-GX30M39704-300-USB-Mouse/dp/B073BRXPZX/ref=sr_1_3?dchild=1&keywords=wired+mouse&qid=1627296382&smid=A14CZOWI0VEHLG&sr=8-3
Dell MS116 1000DPI USB Wired Optical Mouse,₹249,4.4 out of 5 stars,https://www.amazon.in/Dell-MS116-1000DPI-Wired-Optical/dp/B01HJI0FS2/ref=sr_1_4?dchild=1&keywords=wired+mouse&qid=1627296382&sr=8-4
HP X1000 Wired Mouse (Black/Grey),₹279,4.3 out of 5 stars,https://www.amazon.in/HP-X1000-Wired-Mouse-Black/dp/B009VCGPSY/ref=sr_1_5?dchild=1&keywords=wired+mouse&qid=1627296382&sr=8-5
"Logitech M90 Wired USB Mouse, 1000 DPI Optical Tracking, Ambidextrous PC/Mac/Laptop - Black",₹249,4.5 out of 5 stars,https://www.amazon.in/Logitech-M90-Mouse-Dark-Grey/dp/B003D8ZT0C/ref=sr_1_6?dchild=1&keywords=wired+mouse&qid=1627296382&sr=8-6
Zebronics Zeb-Alex Wired USB Optical Mouse with 3 Buttons,₹129,3.9 out of 5 stars,https://www.amazon.in/Zebronics-Zeb-Alex-Wired-Optical-Buttons/dp/B07XBSX9X2/ref=sr_1_7?dchild=1&keywords=wired+mouse&qid=1627296382&sr=8-7
Dell MS116 Optical Mouse,₹249,4.5 out of 5 stars,https://www.amazon.in/Dell-Ms116-275-BBCB-Optical-Mouse/dp/B012DT5U96/ref=sr_1_8?dchild=1&keywords=wired+mouse&qid=1627296382&sr=8-8
HP Wired Mouse 100 (6VY96AA),₹299,4.3 out of 5 stars,https://www.amazon.in/HP-Wired-Mouse-100-6VY96AA/dp/B083RD1J99/ref=sr_1_9?dchild=1&keywords=wired+mouse&qid=1627296382&sr=8-9
Zebronics Zeb Power Wired Mouse,₹149,4.0 out of 5 stars,https://www.amazon.in/Zebronics-Zeb-Power-Wired-Mouse-Black/dp/B07L9FW9GF/ref=sr_1_10?dchild=1&keywords=wired+mouse&qid=1627296382&smid=A14CZOWI0VEHLG&sr=8-10
"elevn ergo11 2.4GHz Premium Wireless Optical Mouse for Laptop, Desktop, PC, MacBook – Black",₹599,4.3 out of 5 stars,https://www.amazon.in/gp/slredirect/picassoRedirect.html/ref=pa_sp_mtf_aps_sr_pg1_1?ie=UTF8&adId=A00160911X0VIOD3M6MV2&url=%2Felevn-Premium-Wireless-Optical-Desktop%2Fdp%2FB08QWBJ81P%2Fref%3Dsr_1_11_sspa%3Fdchild%3D1%26keywords%3Dwired%2Bmouse%26qid%3D1627296382%26smid%3DA14CZOWI0VEHLG%26sr%3D8-11-spons%26psc%3D1&qualifier=1627296382&id=8824011014465572&widgetName=sp_mtf
Lenovo 300 Wireless Compact Mouse (GX30K79401),₹575,4.4 out of 5 stars,https://www.amazon.in/gp/slredirect/picassoRedirect.html/ref=pa_sp_mtf_aps_sr_pg1_1?ie=UTF8&adId=A03437173TJFXNA905VIH&url=%2FLenovo-Wireless-Compact-Mouse-GX30K79401%2Fdp%2FB01EFVDDH6%2Fref%3Dsr_1_12_sspa%3Fdchild%3D1%26keywords%3Dwired%2Bmouse%26qid%3D1627296382%26smid%3DA14CZOWI0VEHLG%26sr%3D8-12-spons%26psc%3D1&qualifier=1627296382&id=8824011014465572&widgetName=sp_mtf
"PHILIPS 3-Button Wired Computer Mouse with RGB “Ambiglow” FX | Ambidextrous USB Optical Mouse for Laptop, Chromebook & More | 1200 DPI, Ergonomic, Spill-Resistant (SPK9314)",₹399,4.7 out of 5 stars,https://www.amazon.in/PHILIPS-Ambidextrous-Chromebook-Spill-Resistant-SPK9314/dp/B08377P7F3/ref=sr_1_13?dchild=1&keywords=wired+mouse&qid=1627296382&sr=8-13
Logitech M100r Wired USB Mouse (Black),₹343,4.3 out of 5 stars,https://www.amazon.in/Logitech-M100r-Wired-Mouse-Black/dp/B0080W1X6U/ref=sr_1_14?dchild=1&keywords=wired+mouse&qid=1627296382&sr=8-14
HP M10 Wired USB Mouse with 3 Buttons High Definition 1000DPI Optical Tracking and Ambidextrous Design,₹312,4.2 out of 5 stars,https://www.amazon.in/Generic-7YA10PA-ACJ-Wired-Mouse/dp/B083GLD16Q/ref=sr_1_15?dchild=1&keywords=wired+mouse&qid=1627296382&sr=8-15
"Zinq Technologies ZQ233 Wired Mouse with 1000DPI, 10 Million Clicks Lifespan for Laptop and Desktop (Black)",₹99,3.7 out of 5 stars,https://www.amazon.in/Zinq-Technologies-ZQ233-1000DPI-Desktop/dp/B07W678V1N/ref=sr_1_16?dchild=1&keywords=wired+mouse&qid=1627296382&smid=A14CZOWI0VEHLG&sr=8-16
Quantum QHM222 3-Button 1000DPI Wired Optical Mouse (Black),₹169,3.7 out of 5 stars,https://www.amazon.in/Quantum-QHM222-Mouse-Black/dp/B00GN3TP4K/ref=sr_1_17?dchild=1&keywords=wired+mouse&qid=1627296382&smid=A14CZOWI0VEHLG&sr=8-17
Quantum QHM222 3-Button 400/8001000DPI Wired Optical Mouse with USB Interface (Black),₹162,3.8 out of 5 stars,https://www.amazon.in/Power-Computers-Quantum-QHM222-Optical/dp/B07F67B927/ref=sr_1_18?dchild=1&keywords=wired+mouse&qid=1627296382&sr=8-18
Zebronics Zeb-Rise Wired USB Optical Mouse with 3 Buttons (Black),₹199,3.7 out of 5 stars,https://www.amazon.in/Zebronics-Zeb-Rise-Wired-Optical-Buttons/dp/B084PJ286Z/ref=sr_1_19?dchild=1&keywords=wired+mouse&qid=1627296382&sr=8-19
Live Tech Ambush USB Mouse Sensor Backlit 7 Colour Slow Flash 800/1200 DPI Max 3000 fps Cable Length：1.3 M Cable Max (Black),₹301,4.3 out of 5 stars,https://www.amazon.in/Live-Tech-Ambush-Backlit-Length%EF%BC%9A1-3/dp/B08HK9QJRT/ref=sr_1_20?dchild=1&keywords=wired+mouse&qid=1627296382&sr=8-20
AmazonBasics Ergonomic Wireless Mouse - DPI Adjustable - Black,₹899,3.6 out of 5 stars,https://www.amazon.in/gp/slredirect/picassoRedirect.html/ref=pa_sp_btf_aps_sr_pg1_1?ie=UTF8&adId=A1019679Z9GYOKKLQ5KY&url=%2FAmazonBasics-Ergonomic-Wireless-Mouse-Adjustable%2Fdp%2FB0787D6SGQ%2Fref%3Dsr_1_21_sspa%3Fdchild%3D1%26keywords%3Dwired%2Bmouse%26qid%3D1627296382%26smid%3DAT95IG9ONZD7S%26sr%3D8-21-spons%26psc%3D1&qualifier=1627296382&id=8824011014465572&widgetName=sp_btf
Portronics POR-016 Toad 11 Wireless Mouse with 2.4GHz Technology (Grey),₹296,3.9 out of 5 stars,https://www.amazon.in/gp/slredirect/picassoRedirect.html/ref=pa_sp_btf_aps_sr_pg1_1?ie=UTF8&adId=A01656373PFYIEM1MXD47&url=%2FPortronics-POR-016-Wireless-2-4GHz-Technology%2Fdp%2FB07PSDYPSZ%2Fref%3Dsr_1_22_sspa%3Fdchild%3D1%26keywords%3Dwired%2Bmouse%26qid%3D1627296382%26sr%3D8-22-spons%26psc%3D1&qualifier=1627296382&id=8824011014465572&widgetName=sp_btf
AmazonBasics Compact Ergonomic Wireless Mouse with Fast Scrolling - Silver,"₹1,199",3.9 out of 5 stars,https://www.amazon.in/gp/slredirect/picassoRedirect.html/ref=pa_sp_atf_next_aps_sr_pg2_1?ie=UTF8&adId=A07228833SGO8UNIP5E5D&url=%2FAmazonBasics-Compact-Ergonomic-Wireless-Scrolling%2Fdp%2FB0787PGF9R%2Fref%3Dsr_1_17_sspa%3Fdchild%3D1%26keywords%3Dwired%2Bmouse%26qid%3D1627296387%26sr%3D8-17-spons%26psc%3D1&qualifier=1627296387&id=8209429685350695&widgetName=sp_atf_next
"Logitech M590 Multi-Device Silent Bluetooth Mouse–Move Text/Image/File Between 2 Windows/Mac/Android Devices with Bluetooth/USB,With 7 Customizable Buttons,Contoured Shape,2 Year Battery Life-Graphite","₹2,299",4.6 out of 5 stars,https://www.amazon.in/gp/slredirect/picassoRedirect.html/ref=pa_sp_atf_next_aps_sr_pg2_1?ie=UTF8&adId=A097209213K68FRP79DNM&url=%2FLogitech-Wireless-Multi-Device-Bluetooth-Windows%2Fdp%2FB071VC9998%2Fref%3Dsr_1_18_sspa%3Fdchild%3D1%26keywords%3Dwired%2Bmouse%26qid%3D1627296387%26smid%3DA2FE28HTZZT4DB%26sr%3D8-18-spons%26psc%3D1&qualifier=1627296387&id=8209429685350695&widgetName=sp_atf_next
"HP M10 Wired Optical Mouse (USB 2.0, Black)",₹329,4.4 out of 5 stars,https://www.amazon.in/HP-Wired-Optical-Mouse-Black/dp/B08R42JH4M/ref=sr_1_19?dchild=1&keywords=wired+mouse&qid=1627296387&sr=8-19
"World Shopper TERABYTE 3D Optical Mouse Vintage TB-36B Wired Mouse for Laptop, Computer & Desktop (Black)",₹140,,https://www.amazon.in/Shopper-TERABYTE-Optical-TB-36B-Computer/dp/B0983SSXQ3/ref=sr_1_21?dchild=1&keywords=wired+mouse&qid=1627296387&sr=8-21
Adcom Wired 3D USB Optical Mouse with Matte Finish and HD Duo (Blue),₹199,3.7 out of 5 stars,https://www.amazon.in/Adcom-Wired-Optical-Mouse-Finish/dp/B08CZS54BF/ref=sr_1_22?dchild=1&keywords=wired+mouse&qid=1627296387&sr=8-22
"Jeeban Solutions® Wired USB Mouse, 2000 DPI Optical Tracking, Ambidextrous PC/Mac/Laptop - Black",₹99,,https://www.amazon.in/Jeeban-Solutions%C2%AE-Optical-Tracking-Ambidextrous/dp/B099X4GW6T/ref=sr_1_23?dchild=1&keywords=wired+mouse&qid=1627296387&sr=8-23
"Webtech Terabyte TB-36B 3D Optical Wired Mouse for Laptop, Computer & Desktop (Black)",₹199,,https://www.amazon.in/Webtech-Terabyte-Optical-Computer-Desktop/dp/B0983S63DY/ref=sr_1_24?dchild=1&keywords=wired+mouse&qid=1627296387&sr=8-24
Foxin Smart-Blue Wired Optical Mouse (Blue),₹199,3.8 out of 5 stars,https://www.amazon.in/Foxin-Smart-Blue-Wired-Optical-Mouse/dp/B07VSDRFVT/ref=sr_1_25?dchild=1&keywords=wired+mouse&qid=1627296387&sr=8-25
Zebronics Zeb-Comfort+ Wired Mouse,₹219,3.6 out of 5 stars,https://www.amazon.in/Zebronics-Zeb-Comfort-Wired-Mouse-Black/dp/B07L94YR16/ref=sr_1_26?dchild=1&keywords=wired+mouse&qid=1627296387&sr=8-26
Dell Laser Wired Mouse MS3220 - Titan Gray - 3yrs Adv. Exc Serv,"₹1,099",3.8 out of 5 stars,https://www.amazon.in/gp/slredirect/picassoRedirect.html/ref=pa_sp_mtf_aps_sr_pg2_1?ie=UTF8&adId=A03449043GFGRS1UATWMN&url=%2FDell-Laser-Wired-Mouse-MS3220%2Fdp%2FB08KH5GQQD%2Fref%3Dsr_1_27_sspa%3Fdchild%3D1%26keywords%3Dwired%2Bmouse%26qid%3D1627296387%26smid%3DA14CZOWI0VEHLG%26sr%3D8-27-spons%26psc%3D1&qualifier=1627296387&id=8209429685350695&widgetName=sp_mtf
AmazonBasics Wireless Mouse with Nano Receiver - Black,"₹1,103",4.1 out of 5 stars,https://www.amazon.in/gp/slredirect/picassoRedirect.html/ref=pa_sp_mtf_aps_sr_pg2_1?ie=UTF8&adId=A0855001191971UG1SKQX&url=%2FAmazonBasics-Wireless-Mouse-Receiver-Black%2Fdp%2FB005EJH6Z4%2Fref%3Dsr_1_28_sspa%3Fdchild%3D1%26keywords%3Dwired%2Bmouse%26qid%3D1627296387%26sr%3D8-28-spons%26psc%3D1&qualifier=1627296387&id=8209429685350695&widgetName=sp_mtf
Live Tech MS-19 USB Wired Black Color Optical Mouse,₹199,3.7 out of 5 stars,https://www.amazon.in/Live-Tech-MS-19-Wired-Optical/dp/B07DCW1B3X/ref=sr_1_29?dchild=1&keywords=wired+mouse&qid=1627296387&sr=8-29
"iBall Turbo, Advanced High-Speed Optical Mouse, Wired, 1200 CPI, Superfast Speed, Black",₹290,4.0 out of 5 stars,https://www.amazon.in/iBall-Advanced-High-Speed-Optical-Superfast/dp/B084J1QRR5/ref=sr_1_30?dchild=1&keywords=wired+mouse&qid=1627296387&sr=8-30
Zebronics Zeb-Power Plus USB Optical Mouse,₹229,4.0 out of 5 stars,https://www.amazon.in/Zebronics-POWER-Optical-Laptop-Computer/dp/B07CG7GPLY/ref=sr_1_31?dchild=1&keywords=wired+mouse&qid=1627296387&sr=8-31
Targus U660 USB Optical Mouse (Black),₹329,4.2 out of 5 stars,https://www.amazon.in/Targus-U660-Optical-Mouse-Black/dp/B07Q93FCRR/ref=sr_1_32?dchild=1&keywords=wired+mouse&qid=1627296387&sr=8-32
"Intex ECO-7 Wired USB Optical Mouse Wired Optical Mouse (USB 2.0, Black)",₹155,3.5 out of 5 stars,https://www.amazon.in/Intex-ECO-7-Wired-Optical-Mouse/dp/B08V5LDFH9/ref=sr_1_33?dchild=1&keywords=wired+mouse&qid=1627296387&sr=8-33
"HUO JI V3000 Wired Mouse, 1000dDPI, 3 Soft-Click Buttons, for PC, Laptop, Mac, White",₹799,5.0 out of 5 stars,https://www.amazon.in/HUO-JI-1000dDPI-Soft-Click-Buttons/dp/B091HM98DW/ref=sr_1_34?dchild=1&keywords=wired+mouse&qid=1627296387&sr=8-34
HP 1000 Wired Mouse (4QM14AA),₹399,4.4 out of 5 stars,https://www.amazon.in/HP-4QM14AA-Wired-Mouse-Black/dp/B07H6YMQ52/ref=sr_1_35?dchild=1&keywords=wired+mouse&qid=1627296387&sr=8-35
MEDIA COM | DELL Optical Mouse MS116 1000 DPI USB Wired Optical Mouse Product |,₹340,4.2 out of 5 stars,https://www.amazon.in/MEDIA-Optical-Mouse-MS116-Product/dp/B08Y1HNDMF/ref=sr_1_36?dchild=1&keywords=wired+mouse&qid=1627296387&sr=8-36
Portronics POR-015 Toad 11 Wireless Mouse with 2.4GHz Technology (Blue),₹296,3.9 out of 5 stars,https://www.amazon.in/gp/slredirect/picassoRedirect.html/ref=pa_sp_btf_aps_sr_pg2_1?ie=UTF8&adId=A01661933VHKVFFVZ6FV7&url=%2FPortronics-POR-015-Toad-Wireless-Mouse%2Fdp%2FB07PT6Q376%2Fref%3Dsr_1_37_sspa%3Fdchild%3D1%26keywords%3Dwired%2Bmouse%26qid%3D1627296387%26sr%3D8-37-spons%26psc%3D1&qualifier=1627296387&id=8209429685350695&widgetName=sp_btf
"Logitech M221 Wireless Mouse, Silent Buttons, 2.4 GHz with USB Mini Receiver, 1000 DPI Optical Tracking, 18-Month Battery Life, Ambidextrous PC/Mac/Laptop - Blue",₹845,4.5 out of 5 stars,https://www.amazon.in/gp/slredirect/picassoRedirect.html/ref=pa_sp_btf_aps_sr_pg2_1?ie=UTF8&adId=A06323941UOMFM9MYP406&url=%2FLogitech-M221-Silent-Wireless-Mouse%2Fdp%2FB01M72LS5E%2Fref%3Dsr_1_38_sspa%3Fdchild%3D1%26keywords%3Dwired%2Bmouse%26qid%3D1627296387%26sr%3D8-38-spons%26psc%3D1&qualifier=1627296387&id=8209429685350695&widgetName=sp_btf
Dell Multi-Device Wireless Mouse MS5320W - 3yrs Adv. Exc Serv,"₹2,619",4.4 out of 5 stars,https://www.amazon.in/gp/slredirect/picassoRedirect.html/ref=pa_sp_atf_next_aps_sr_pg3_1?ie=UTF8&adId=A03454602UTKT837L152D&url=%2FDell-Multi-Device-Wireless-Mouse-MS5320W%2Fdp%2FB089WB6HHC%2Fref%3Dsr_1_33_sspa%3Fdchild%3D1%26keywords%3Dwired%2Bmouse%26qid%3D1627296389%26smid%3DA14CZOWI0VEHLG%26sr%3D8-33-spons%26psc%3D1&qualifier=1627296389&id=2985700799586721&widgetName=sp_atf_next
Dell Laser Wired Mouse MS3220 - Black - 3yrs Adv. Exc Serv,"₹1,179",4.2 out of 5 stars,https://www.amazon.in/gp/slredirect/picassoRedirect.html/ref=pa_sp_atf_next_aps_sr_pg3_1?ie=UTF8&adId=A03447481VTBP7X34SXXA&url=%2FDell-Laser-Wired-Mouse-MS3220%2Fdp%2FB08KH9MDD7%2Fref%3Dsr_1_34_sspa%3Fdchild%3D1%26keywords%3Dwired%2Bmouse%26qid%3D1627296389%26smid%3DA14CZOWI0VEHLG%26sr%3D8-34-spons%26psc%3D1&qualifier=1627296389&id=2985700799586721&widgetName=sp_atf_next
DELL USB Mouse MS116 - White with Optical LED Tracking 1000 dpi,₹449,4.6 out of 5 stars,https://www.amazon.in/DELL-USB-Mouse-MS116-Tracking/dp/B010U2DT3M/ref=sr_1_35?dchild=1&keywords=wired+mouse&qid=1627296389&sr=8-35
"Rhymestore® USB 2.0 Wired Optical Mouse 2000 DPI for Laptop,Computer,PC etc- (Black with Red Light)",₹245,5.0 out of 5 stars,https://www.amazon.in/Rhymestore%C2%AE-Wired-Optical-Laptop-Computer/dp/B08TH96H5G/ref=sr_1_36?dchild=1&keywords=wired+mouse&qid=1627296389&sr=8-36
WINZACK Wired Mouse for Laptop and Desktop Computer PC with Faster Response Time (Silver),₹249,,https://www.amazon.in/WINZACK-Laptop-Desktop-Computer-Response/dp/B09641XKS5/ref=sr_1_37?dchild=1&keywords=wired+mouse&qid=1627296389&sr=8-37
DEALFINITY USB 2.0 Wired Optical Laser Mouse for All Laptops Computers and Desktops,₹199,1.0 out of 5 stars,https://www.amazon.in/DEALFINITY-Optical-Laptops-Computers-Desktops/dp/B08Q1Z4JV2/ref=sr_1_38?dchild=1&keywords=wired+mouse&qid=1627296389&sr=8-38
"iBall Style36 Advanced Optical USB Mouse,Black",₹338,3.9 out of 5 stars,https://www.amazon.in/iBall-Style36-Advanced-Optical-Mouse/dp/B017B94D8C/ref=sr_1_39?dchild=1&keywords=wired+mouse&qid=1627296389&sr=8-39
VARNI FASHION Wired Mouse for Laptop and Desktop Computer PC with Faster Response Time (Grey),₹299,,https://www.amazon.in/VARNI-FASHION-Desktop-Computer-Response/dp/B098BCPZ3R/ref=sr_1_40?dchild=1&keywords=wired+mouse&qid=1627296389&sr=8-40
"TERABYTE 3D Optical Wired Mouse for Laptop, Computer & Desktop (Black)",₹139,1.0 out of 5 stars,https://www.amazon.in/TERABYTE-Optical-Laptop-Computer-Desktop/dp/B08Y7H9R9J/ref=sr_1_41?dchild=1&keywords=wired+mouse&qid=1627296389&sr=8-41
Logitech M90 Wired USB Mouse (Black),₹362,4.3 out of 5 stars,https://www.amazon.in/Logitech-M90-Wired-Mouse-Black/dp/B007WABMDA/ref=sr_1_42?dchild=1&keywords=wired+mouse&qid=1627296389&sr=8-42
"Lenovo 600 Bluetooth® Silent Mouse: Compact, Portable, Dongle-Free Multi-Device connectivity via Bluetooth® 5.0 with Microsoft Swift Pair | 3-Level Adjustable DPI up to 2400 | Battery life: up to 1 yr","₹1,499",4.5 out of 5 stars,https://www.amazon.in/gp/slredirect/picassoRedirect.html/ref=pa_sp_mtf_aps_sr_pg3_1?ie=UTF8&adId=A01108722YXNLIY3DD7OL&url=%2FLenovo-600-Bluetooth%25C2%25AE-Silent-Mouse%2Fdp%2FB08LW31NQ6%2Fref%3Dsr_1_43_sspa%3Fdchild%3D1%26keywords%3Dwired%2Bmouse%26qid%3D1627296389%26smid%3DA14CZOWI0VEHLG%26sr%3D8-43-spons%26psc%3D1&qualifier=1627296389&id=2985700799586721&widgetName=sp_mtf
"Portronics Toad 12 Wireless 2.4G Optical Mouse with Ergonomic Design, USB Receiver for Notebook, Laptop, Computer, MacBook, Windows, MacOS, (Jet Black)",₹319,4.1 out of 5 stars,https://www.amazon.in/gp/slredirect/picassoRedirect.html/ref=pa_sp_mtf_aps_sr_pg3_1?ie=UTF8&adId=A01661372TW2Q3FU1TDBF&url=%2FPortronics-Wireless-Ergonomic-Receiver-Notebook%2Fdp%2FB08ZJKGMGQ%2Fref%3Dsr_1_44_sspa%3Fdchild%3D1%26keywords%3Dwired%2Bmouse%26qid%3D1627296389%26sr%3D8-44-spons%26psc%3D1&qualifier=1627296389&id=2985700799586721&widgetName=sp_mtf
MEDIA COM Dell Mouse MS116 1000 DPI USB Wired Optical Mouse.,₹191,3.7 out of 5 stars,https://www.amazon.in/MEDIA-Mouse-MS116-Optical-Mouse/dp/B08NXGHMTF/ref=sr_1_45?dchild=1&keywords=wired+mouse&qid=1627296389&sr=8-45
Quantum QHM232 3-Button 1000DPI Wired Optical Mouse (Black),₹169,3.6 out of 5 stars,https://www.amazon.in/Quantum-QHM232-USB-Mouse/dp/B00HPBK0Q6/ref=sr_1_46?dchild=1&keywords=wired+mouse&qid=1627296389&smid=A14CZOWI0VEHLG&sr=8-46
Dell MS116 Optical Mouse (Black),₹340,4.4 out of 5 stars,https://www.amazon.in/Dell-MS116-Optical-Mouse-Black/dp/B01FHMH4TU/ref=sr_1_47?dchild=1&keywords=wired+mouse&qid=1627296389&sr=8-47
"FEDUS 3D 3-Button Wired Optical USB Mouse for Computer, Mouse for Laptop, Mouse for Desktop,for LAPTOPS and DESKTOPS with Mouse pad",₹275,3.9 out of 5 stars,https://www.amazon.in/FEDUS-3-Button-Optical-Computer-DESKTOPS/dp/B0823ZQHY1/ref=sr_1_48?dchild=1&keywords=wired+mouse&qid=1627296389&sr=8-48
E-Yooso V3000 Wired USB Super Slim Optical Mouse for Desktop Laptop Mac (Black),₹799,4.2 out of 5 stars,https://www.amazon.in/Yooso-V3000-Optical-Desktop-Laptop/dp/B01F53VGSG/ref=sr_1_49?dchild=1&keywords=wired+mouse&qid=1627296389&sr=8-49
"Logitech B170 Wireless Mouse, 2.4 GHz with USB Nano Receiver, Optical Tracking, 12-Months Battery Life, Ambidextrous, PC/Mac/Laptop - Black",₹595,4.4 out of 5 stars,https://www.amazon.in/Logitech-B170-Wireless-Mouse-Black/dp/B01J0XWYKQ/ref=sr_1_50?dchild=1&keywords=wired+mouse&qid=1627296389&smid=A14CZOWI0VEHLG&sr=8-50
"Smart Computer Presents M90 Wired USB Mouse, 1000 DPI Optical Tracking, Ambidextrous PC/Mac/Laptop",₹300,,https://www.amazon.in/Computer-Presents-Optical-Tracking-Ambidextrous/dp/B08WRXGXXF/ref=sr_1_51?dchild=1&keywords=wired+mouse&qid=1627296389&sr=8-51
iBall Style 63 Wired USB Optical Mouse (Black),₹340,4.1 out of 5 stars,https://www.amazon.in/iBall-Style-63-Optical-Mouse/dp/B01M8QS3FQ/ref=sr_1_52?dchild=1&keywords=wired+mouse&qid=1627296389&sr=8-52
"Zinq Technologies ZQ233 Wired Mouse with 1000DPI, 10 Million Clicks Lifespan for Laptop and Desktop (Black)",₹99,3.7 out of 5 stars,https://www.amazon.in/gp/slredirect/picassoRedirect.html/ref=pa_sp_btf_aps_sr_pg3_1?ie=UTF8&adId=A03065801DSNOF28RLIFU&url=%2FZinq-Technologies-ZQ233-1000DPI-Desktop%2Fdp%2FB07W678V1N%2Fref%3Dsr_1_53_sspa%3Fdchild%3D1%26keywords%3Dwired%2Bmouse%26qid%3D1627296389%26smid%3DA14CZOWI0VEHLG%26sr%3D8-53-spons%26psc%3D1&qualifier=1627296389&id=2985700799586721&widgetName=sp_btf
"Lenovo 400 Wireless Mouse, 1200DPI Optical Sensor, 2.4GHz Wireless Nano USB, 3-Button (Left,Right,Scroll) Upto 8M Left/Right & 100K Scroll clicks & 1yr Battery, Ambidextrous, Ergonomic GY50R91293",₹599,4.5 out of 5 stars,https://www.amazon.in/gp/slredirect/picassoRedirect.html/ref=pa_sp_btf_aps_sr_pg3_1?ie=UTF8&adId=A03435612K36ZENPE4Y97&url=%2FLenovo-GY50R91293-Wireless-Mouse-Black%2Fdp%2FB07J2NGB69%2Fref%3Dsr_1_54_sspa%3Fdchild%3D1%26keywords%3Dwired%2Bmouse%26qid%3D1627296389%26sr%3D8-54-spons%26psc%3D1&qualifier=1627296389&id=2985700799586721&widgetName=sp_btf
"Portronics Toad 12 Wireless 2.4G Optical Mouse with Ergonomic Design, USB Receiver for Notebook, Laptop, Computer, MacBook, Windows, MacOS, (Blue-Black)",₹296,4.1 out of 5 stars,https://www.amazon.in/gp/slredirect/picassoRedirect.html/ref=pa_sp_atf_next_aps_sr_pg4_1?ie=UTF8&adId=A01663171RG5V0Z4YFWP&url=%2FPortronics-Toad-12-Ergonomic-Blue-Black%2Fdp%2FB089W6QMXP%2Fref%3Dsr_1_49_sspa%3Fdchild%3D1%26keywords%3Dwired%2Bmouse%26qid%3D1627296391%26sr%3D8-49-spons%26psc%3D1&qualifier=1627296391&id=2612097781856614&widgetName=sp_atf_next
"Logitech Pebble M350 Wireless Mouse with Bluetooth or USB - Silent, Slim Computer Mouse with Quiet Click for Laptop, Notebook, PC and Mac - Graphite","₹1,695",4.6 out of 5 stars,https://www.amazon.in/gp/slredirect/picassoRedirect.html/ref=pa_sp_atf_next_aps_sr_pg4_1?ie=UTF8&adId=A05247073SYUVV46V4OD&url=%2FLogitech-Pebble-M350-Wireless-Bluetooth%2Fdp%2FB07X2L5Z8C%2Fref%3Dsr_1_50_sspa%3Fdchild%3D1%26keywords%3Dwired%2Bmouse%26qid%3D1627296391%26sr%3D8-50-spons%26psc%3D1&qualifier=1627296391&id=2612097781856614&widgetName=sp_atf_next
Zysk Glink Wired USB Mouse with 3D Optical (Black),₹109,3.5 out of 5 stars,https://www.amazon.in/Zysk-Glink-Wired-Mouse-Optical/dp/B0894LZWDD/ref=sr_1_52?dchild=1&keywords=wired+mouse&qid=1627296391&sr=8-52
Logitech M90 USB 2.0 Mouse (Black),₹395,4.6 out of 5 stars,https://www.amazon.in/Logitech-M90-USB-Mouse-Black/dp/B003AUZKYI/ref=sr_1_53?dchild=1&keywords=wired+mouse&qid=1627296391&sr=8-53
"Logitech M221 Wireless Mouse, Silent Buttons, 2.4 GHz with USB Mini Receiver, 1000 DPI Optical Tracking, 18-Month Battery Life, Ambidextrous PC/Mac/Laptop - Charcoal Grey",₹845,4.5 out of 5 stars,https://www.amazon.in/Logitech-Silent-Wireless-Mouse-Charcoal/dp/B01M72LILF/ref=sr_1_54?dchild=1&keywords=wired+mouse&qid=1627296391&sr=8-54
Logitech M100r Wired USB Mouse (Grey),₹450,4.4 out of 5 stars,https://www.amazon.in/Logitech-M100r-Wired-Mouse-Grey/dp/B0036PMK0O/ref=sr_1_55?dchild=1&keywords=wired+mouse&qid=1627296391&sr=8-55
iCall name of trust Optical Wired USB Mini Mouse for Desktop and Laptop,₹215,,https://www.amazon.in/iCall-name-trust-Optical-Desktop/dp/B099XDHKMB/ref=sr_1_56?dchild=1&keywords=wired+mouse&qid=1627296391&sr=8-56
Dell Laser Wired Mouse MS3220 - Black - 3yrs Adv. Exc Serv,"₹1,179",4.2 out of 5 stars,https://www.amazon.in/Dell-Laser-Wired-Mouse-MS3220/dp/B08KH9MDD7/ref=sr_1_57?dchild=1&keywords=wired+mouse&qid=1627296391&smid=A14CZOWI0VEHLG&sr=8-57
"Zxtor adnet USB 2.0 Wired Optical Mouse 2000 DPI for Laptop,Computer,PC (Pack of 2)",₹339,2.9 out of 5 stars,https://www.amazon.in/Zxtor-adnet-Optical-Laptop-Computer/dp/B08X7JQ2G9/ref=sr_1_58?dchild=1&keywords=wired+mouse&qid=1627296391&sr=8-58
Dell Mobile Wireless Mouse MS3320W - Titan Gray - 3yrs Adv. Exc Serv,"₹1,199",4.5 out of 5 stars,https://www.amazon.in/gp/slredirect/picassoRedirect.html/ref=pa_sp_mtf_aps_sr_pg4_1?ie=UTF8&adId=A03449603L3DK2PIXVG2K&url=%2FDell-Mobile-Wireless-Mouse-MS3320W%2Fdp%2FB088KMB6BV%2Fref%3Dsr_1_59_sspa%3Fdchild%3D1%26keywords%3Dwired%2Bmouse%26qid%3D1627296391%26sr%3D8-59-spons%26psc%3D1&qualifier=1627296391&id=2612097781856614&widgetName=sp_mtf
"Logitech M221 Wireless Mouse, Silent Buttons, 2.4 GHz with USB Mini Receiver, 1000 DPI Optical Tracking, 18-Month Battery Life, Ambidextrous PC/Mac/Laptop - Red",₹799,4.5 out of 5 stars,https://www.amazon.in/gp/slredirect/picassoRedirect.html/ref=pa_sp_mtf_aps_sr_pg4_1?ie=UTF8&adId=A06325502AY4B182HGS5Q&url=%2FLogitech-M221-Silent-Wireless-Mouse%2Fdp%2FB01MQ5U383%2Fref%3Dsr_1_60_sspa%3Fdchild%3D1%26keywords%3Dwired%2Bmouse%26qid%3D1627296391%26sr%3D8-60-spons%26psc%3D1&qualifier=1627296391&id=2612097781856614&widgetName=sp_mtf
"Portronics Toad 12 POR-987 Wireless 2.4G Optical Mouse with Ergonomic Design, USB Receiver for Notebook, Laptop, Computer, MacBook, Windows, MacOS, (Yellow)",₹296,4.1 out of 5 stars,https://www.amazon.in/Portronics-Wireless-Ergonomic-Receiver-Notebook/dp/B0821D2C63/ref=sr_1_61?dchild=1&keywords=wired+mouse&qid=1627296391&sr=8-61
Lapcare L-70 Plus 1200 DPI USB Optical Wired Mouse (Black),₹235,3.7 out of 5 stars,https://www.amazon.in/Lapcare-L70-USB-Optical-Mouse/dp/B07NNSD6QM/ref=sr_1_62?dchild=1&keywords=wired+mouse&qid=1627296391&sr=8-62
IVOOMI Pride Wired USB Mouse Plug & Play,₹110,4.2 out of 5 stars,https://www.amazon.in/IVOOMI-Pride-Wired-Mouse-Plug/dp/B08YJ5XJYF/ref=sr_1_64?dchild=1&keywords=wired+mouse&qid=1627296391&sr=8-64
APLT-3-Button USB Wired Mouse (Black),₹145,,https://www.amazon.in/APLT-3-Button-USB-Wired-Mouse-Black/dp/B08TZJTTCC/ref=sr_1_65?dchild=1&keywords=wired+mouse&qid=1627296391&sr=8-65
PremiumAV 3D Optical Wired USB Mouse in Black,₹229,3.6 out of 5 stars,https://www.amazon.in/Terabyte-Optical-wired-Mouse-Black/dp/B00LY24YZU/ref=sr_1_66?dchild=1&keywords=wired+mouse&qid=1627296391&sr=8-66
Mente Wired Mouse for Laptop and Desktop Computer PC 3X Faster Response Time Simple Plug and Play Compatible with PC and MAC,₹329,3.3 out of 5 stars,https://www.amazon.in/Mente-Desktop-Computer-Response-Compatible/dp/B08TV5C8JL/ref=sr_1_67?dchild=1&keywords=wired+mouse&qid=1627296391&sr=8-67
"Wired Optical Mouse (USB 2.0, Black)",₹399,,https://www.amazon.in/Wired-Optical-Mouse-USB-Black/dp/B08W33HPM5/ref=sr_1_68?dchild=1&keywords=wired+mouse&qid=1627296391&sr=8-68
Zebronics Zeb-Power Plus USB Optical Mouse,₹229,4.0 out of 5 stars,https://www.amazon.in/gp/slredirect/picassoRedirect.html/ref=pa_sp_btf_aps_sr_pg4_1?ie=UTF8&adId=A092233510NV2FZPXKETH&url=%2FZebronics-POWER-Optical-Laptop-Computer%2Fdp%2FB07CG7GPLY%2Fref%3Dsr_1_69_sspa%3Fdchild%3D1%26keywords%3Dwired%2Bmouse%26qid%3D1627296391%26sr%3D8-69-spons%26psc%3D1&qualifier=1627296391&id=2612097781856614&widgetName=sp_btf
Lenovo 300 Wired Keyboard and Mouse Combo (Black),₹959,4.4 out of 5 stars,https://www.amazon.in/gp/slredirect/picassoRedirect.html/ref=pa_sp_btf_aps_sr_pg4_1?ie=UTF8&adId=A02658941KP2BWY6S9M32&url=%2FLenovo-GX30M39649-MICE_BO-300-Combo%2Fdp%2FB074XSWFXX%2Fref%3Dsr_1_70_sspa%3Fdchild%3D1%26keywords%3Dwired%2Bmouse%26qid%3D1627296391%26sr%3D8-70-spons%26psc%3D1&qualifier=1627296391&id=2612097781856614&widgetName=sp_btf
"Logitech Pebble M350 Wireless Mouse with Bluetooth or USB - Silent, Slim Computer Mouse with Quiet Click for Laptop, Notebook, PC and Mac - Off White","₹1,695",4.6 out of 5 stars,https://www.amazon.in/gp/slredirect/picassoRedirect.html/ref=pa_sp_atf_next_aps_sr_pg5_1?ie=UTF8&adId=A05246512PR6J3AB2AC5T&url=%2FLogitech-Pebble-M350-Wireless-Bluetooth%2Fdp%2FB07X4QDCD6%2Fref%3Dsr_1_65_sspa%3Fdchild%3D1%26keywords%3Dwired%2Bmouse%26qid%3D1627296393%26sr%3D8-65-spons%26psc%3D1&qualifier=1627296393&id=5924776988539377&widgetName=sp_atf_next
"Portronics Toad 12 Wireless 2.4G Optical Mouse with Ergonomic Design, USB Receiver for Notebook, Laptop, Computer, MacBook, Windows, MacOS, (Red-Black)",₹296,4.1 out of 5 stars,https://www.amazon.in/gp/slredirect/picassoRedirect.html/ref=pa_sp_atf_next_aps_sr_pg5_1?ie=UTF8&adId=A0166037386ZKGDH8EXR2&url=%2FPortronics-Toad-12-Ergonomic-Red-Black%2Fdp%2FB089W5X569%2Fref%3Dsr_1_66_sspa%3Fdchild%3D1%26keywords%3Dwired%2Bmouse%26qid%3D1627296393%26sr%3D8-66-spons%26psc%3D1&qualifier=1627296393&id=5924776988539377&widgetName=sp_atf_next
"PNIQK USB 3-Button 1000DPI Wired Optical Mouse with LED Light Compatible for Laptop, Desktop Computer, Smartphones, Tablet, CCTV, Smart TV, (Black)",₹299,,https://www.amazon.in/PNIQK-3-Button-Compatible-Computer-Smartphones/dp/B099X8MPC2/ref=sr_1_67?dchild=1&keywords=wired+mouse&qid=1627296393&sr=8-67
Live Tech MS-04 USB Wired Mouse (Black) Budget Mouse,₹177,3.7 out of 5 stars,https://www.amazon.in/Live-Tech-MS-04-Wired-Budget/dp/B01FDYAJVC/ref=sr_1_68?dchild=1&keywords=wired+mouse&qid=1627296393&sr=8-68
"Rhymestore® USB 2.0 Wired Optical Mouse 2000 DPI for Laptop,Computer, PC etc.- (Black with Red Light)",₹245,,https://www.amazon.in/Rhymestore%C2%AE-Wired-Optical-Laptop-Computer/dp/B08TH5X5W4/ref=sr_1_69?dchild=1&keywords=wired+mouse&qid=1627296393&sr=8-69
Zebronics Zeb Sprint USB Optical Mouse That Comes with an Ergonomic Build and Three Buttons and is a high Precision one with 1200 DPI,₹190,3.0 out of 5 stars,https://www.amazon.in/Zebronics-Optical-Ergonomic-Buttons-Precision/dp/B08PWR7XTN/ref=sr_1_70?dchild=1&keywords=wired+mouse&qid=1627296393&sr=8-70
"ZEBRONICS Zeb-Dash Plus 2.4 GHz Wireless Mouse with USB Nano Receiver, 4 Buttons, Power Saving Mode, for PC/Mac/Laptops (Black)",₹249,3.5 out of 5 stars,https://www.amazon.in/ZEBRONICS-Zeb-Dash-Wireless-Receiver-Buttons/dp/B08YDFX7Y1/ref=sr_1_71?dchild=1&keywords=wired+mouse&qid=1627296393&sr=8-71
"Mixie (Wired, Plug and Play USB Mouse, 1000dpi, Small Mouse, Compact, Light and Flexible (Suitable for Women)",₹472,,https://www.amazon.in/Mixie-1000dpi-Compact-Flexible-Suitable/dp/B09315R6XT/ref=sr_1_73?dchild=1&keywords=wired+mouse&qid=1627296393&sr=8-73
Portronics POR-015 Toad 11 Wireless Mouse with 2.4GHz Technology (Blue),₹296,3.9 out of 5 stars,https://www.amazon.in/Portronics-POR-015-Toad-Wireless-Mouse/dp/B07PT6Q376/ref=sr_1_74?dchild=1&keywords=wired+mouse&qid=1627296393&sr=8-74
Dell Mobile Pro Wireless Mouse MS5120W - Black - 3yrs Adv. Exc Serv,"₹2,209",4.5 out of 5 stars,https://www.amazon.in/gp/slredirect/picassoRedirect.html/ref=pa_sp_mtf_aps_sr_pg5_1?ie=UTF8&adId=A0345304GLGOSSJEO19T&url=%2FDell-Mobile-Wireless-Mouse-MS5120W%2Fdp%2FB088KLXGMQ%2Fref%3Dsr_1_75_sspa%3Fdchild%3D1%26keywords%3Dwired%2Bmouse%26qid%3D1627296393%26smid%3DA14CZOWI0VEHLG%26sr%3D8-75-spons%26psc%3D1&qualifier=1627296393&id=5924776988539377&widgetName=sp_mtf
Quantum QHM222 3-Button 1000DPI Wired Optical Mouse (Black),₹169,3.7 out of 5 stars,https://www.amazon.in/gp/slredirect/picassoRedirect.html/ref=pa_sp_mtf_aps_sr_pg5_1?ie=UTF8&adId=A05258413JHWN62C3X8L2&url=%2FQuantum-QHM222-Mouse-Black%2Fdp%2FB00GN3TP4K%2Fref%3Dsr_1_76_sspa%3Fdchild%3D1%26keywords%3Dwired%2Bmouse%26qid%3D1627296393%26smid%3DA14CZOWI0VEHLG%26sr%3D8-76-spons%26psc%3D1&qualifier=1627296393&id=5924776988539377&widgetName=sp_mtf
"Red Champion Black Wired Plug & Play 3.0 USB Mouse, 3-Button Design with Scroll Wheel Ergonomic Mouse and Type C Metal OTG",₹139,,https://www.amazon.in/Red-Champion-3-Button-Design-Ergonomic/dp/B095SGH2ZS/ref=sr_1_77?dchild=1&keywords=wired+mouse&qid=1627296393&sr=8-77
Zebronics Zeb-Shine Wireless Mouse(White),₹329,3.6 out of 5 stars,https://www.amazon.in/Zebronics-Zeb-Shine-Plus-Wireless-Mouse/dp/B07V6VS1NN/ref=sr_1_78?dchild=1&keywords=wired+mouse&qid=1627296393&sr=8-78
Wired Mouse,₹169,,https://www.amazon.in/Craftick-Wired-Mouse/dp/B08Y79F29R/ref=sr_1_79?dchild=1&keywords=wired+mouse&qid=1627296393&sr=8-79
ProDot MU 253 USB Mouse,₹120,2.7 out of 5 stars,https://www.amazon.in/ProDot-MU-253-USB-Mouse/dp/B08333ZH2R/ref=sr_1_80?dchild=1&keywords=wired+mouse&qid=1627296393&sr=8-80
APLT-3-Button 1000DPI Wired Optical Mouse (Black),₹149,,https://www.amazon.in/APLT-3-Button-1000DPI-Wired-Optical-Mouse/dp/B08V1D8KZK/ref=sr_1_81?dchild=1&keywords=wired+mouse&qid=1627296393&sr=8-81
"MICRODIGIT MD212M Wired Plug & Play USB Mouse, High Resolution 1200 DPI Optical Sensor, 3-Button Design with clickable Scroll Wheel, Ambidextrous, Ergonomic Mouse for Comfortable All-Day Grip",₹329,,https://www.amazon.in/MICRODIGIT-MD212M-Resolution-Ambidextrous-Comfortable/dp/B08YWPSFTX/ref=sr_1_82?dchild=1&keywords=wired+mouse&qid=1627296393&sr=8-82
World Shopper Wired Optical Mouse with USB Interface (Black) 3-Button 1000DPI Wired Optical Mouse (Black),₹149,,https://www.amazon.in/Shopper-Optical-Interface-3-Button-1000DPI/dp/B094XRXKY3/ref=sr_1_83?dchild=1&keywords=wired+mouse&qid=1627296393&sr=8-83
"Jeeban Solutions™ Wired USB Mouse ( Pack of 02 ) 50000 DPI Optical Tracking, Ambidextrous PC/Mac/Laptop - Black",₹219,,https://www.amazon.in/Jeeban-SolutionsTM-Optical-Tracking-Ambidextrous/dp/B0993MK147/ref=sr_1_84?dchild=1&keywords=wired+mouse&qid=1627296393&sr=8-84
Zebronics Zeb-Shine Wireless Mouse(White),₹329,3.6 out of 5 stars,https://www.amazon.in/gp/slredirect/picassoRedirect.html/ref=pa_sp_btf_aps_sr_pg5_1?ie=UTF8&adId=A00704591FJOLVLH1W49G&url=%2FZebronics-Zeb-Shine-Plus-Wireless-Mouse%2Fdp%2FB07V6VS1NN%2Fref%3Dsr_1_85_sspa%3Fdchild%3D1%26keywords%3Dwired%2Bmouse%26qid%3D1627296393%26sr%3D8-85-spons%26psc%3D1&qualifier=1627296393&id=5924776988539377&widgetName=sp_btf
Dell Mobile Wireless Mouse MS3320W - Black - 3yrs Adv. Exc Serv,"₹1,199",4.5 out of 5 stars,https://www.amazon.in/gp/slredirect/picassoRedirect.html/ref=pa_sp_btf_aps_sr_pg5_1?ie=UTF8&adId=A0345060RLM21WF97BYA&url=%2FDell-Mobile-Wireless-Mouse-MS3320W%2Fdp%2FB088KJ983W%2Fref%3Dsr_1_86_sspa%3Fdchild%3D1%26keywords%3Dwired%2Bmouse%26qid%3D1627296393%26sr%3D8-86-spons%26psc%3D1&qualifier=1627296393&id=5924776988539377&widgetName=sp_btf
"Logitech M221 Wireless Mouse, Silent Buttons, 2.4 GHz with USB Mini Receiver, 1000 DPI Optical Tracking, 18-Month Battery Life, Ambidextrous PC/Mac/Laptop - Charcoal Grey",₹845,4.5 out of 5 stars,https://www.amazon.in/gp/slredirect/picassoRedirect.html/ref=pa_sp_atf_next_aps_sr_pg6_1?ie=UTF8&adId=A06324503E8G9L3TB3PYG&url=%2FLogitech-Silent-Wireless-Mouse-Charcoal%2Fdp%2FB01M72LILF%2Fref%3Dsr_1_81_sspa%3Fdchild%3D1%26keywords%3Dwired%2Bmouse%26qid%3D1627296395%26sr%3D8-81-spons%26psc%3D1&qualifier=1627296395&id=5136506273717620&widgetName=sp_atf_next
"Logitech Pebble M350 Wireless Mouse with Bluetooth or USB - Silent, Slim Computer Mouse with Quiet Click for Laptop, Notebook, PC and Mac - Rose","₹1,695",4.6 out of 5 stars,https://www.amazon.in/gp/slredirect/picassoRedirect.html/ref=pa_sp_atf_next_aps_sr_pg6_1?ie=UTF8&adId=A05245512H41GSXU6HE1D&url=%2FLogitech-Pebble-M350-Wireless-Bluetooth%2Fdp%2FB07X3PJLQR%2Fref%3Dsr_1_82_sspa%3Fdchild%3D1%26keywords%3Dwired%2Bmouse%26qid%3D1627296395%26sr%3D8-82-spons%26psc%3D1&qualifier=1627296395&id=5136506273717620&widgetName=sp_atf_next
Genius NetScroll 120 PS2 Wired Mouse,₹349,2.6 out of 5 stars,https://www.amazon.in/Genius-NetScroll-120-Wired-Mouse/dp/B00B9T9A7U/ref=sr_1_83?dchild=1&keywords=wired+mouse&qid=1627296395&sr=8-83
World Shopper Wired Optical Mouse with USB Interface (Black),₹149,1.0 out of 5 stars,https://www.amazon.in/World-Shopper-Wired-Optical-Interface/dp/B08XXV74YQ/ref=sr_1_85?dchild=1&keywords=wired+mouse&qid=1627296395&sr=8-85
(Renewed) Logitech M90 USB Mouse (Dark Grey),₹211.65,3.6 out of 5 stars,https://www.amazon.in/CERTIFIED-REFURBISHED-Logitech-Mouse-Dark/dp/B07H8JVHJH/ref=sr_1_86?dchild=1&keywords=wired+mouse&qid=1627296395&sr=8-86
Rapoo N100 Wired Optical Mouse with 1600DPI,₹310,4.4 out of 5 stars,https://www.amazon.in/Rapoo-N100-Wired-Optical-1600DPI/dp/B07NPPQWQL/ref=sr_1_88?dchild=1&keywords=wired+mouse&qid=1627296395&sr=8-88
Frontech MS0011 Wired Optical USB Mouse (Black),₹119,3.6 out of 5 stars,https://www.amazon.in/Frontech-MS0011-Wired-Optical-Mouse/dp/B08D7CW8TC/ref=sr_1_89?dchild=1&keywords=wired+mouse&qid=1627296395&sr=8-89
"Logitech M235 Wireless Mouse, 2.4 GHz with USB Unifying Receiver, 1000 DPI Optical Tracking, 12 Month Life Battery, Compatible with Windows, Mac, Chromebook/PC/Laptop - Blue",₹699,4.5 out of 5 stars,https://www.amazon.in/Logitech-M235-Wireless-Mouse-Blue/dp/B008QS8PJG/ref=sr_1_90?dchild=1&keywords=wired+mouse&qid=1627296395&smid=A14CZOWI0VEHLG&sr=8-90
"Portronics Toad 12 POR-987 Wireless 2.4G Optical Mouse with Ergonomic Design, USB Receiver for Notebook, Laptop, Computer, MacBook, Windows, MacOS, (Yellow)",₹296,4.1 out of 5 stars,https://www.amazon.in/gp/slredirect/picassoRedirect.html/ref=pa_sp_mtf_aps_sr_pg6_1?ie=UTF8&adId=A016579332P3CGTW4QIZE&url=%2FPortronics-Wireless-Ergonomic-Receiver-Notebook%2Fdp%2FB0821D2C63%2Fref%3Dsr_1_91_sspa%3Fdchild%3D1%26keywords%3Dwired%2Bmouse%26qid%3D1627296395%26sr%3D8-91-spons%26psc%3D1&qualifier=1627296395&id=5136506273717620&widgetName=sp_mtf
Artis M10 Wired USB Optical Mouse,₹239,3.1 out of 5 stars,https://www.amazon.in/gp/slredirect/picassoRedirect.html/ref=pa_sp_mtf_aps_sr_pg6_1?ie=UTF8&adId=A09639771D2XLXRPR4U6A&url=%2FArtis-AR-M10-Wired-Optical-Mouse%2Fdp%2FB07LD5PKS3%2Fref%3Dsr_1_92_sspa%3Fdchild%3D1%26keywords%3Dwired%2Bmouse%26qid%3D1627296395%26sr%3D8-92-spons%26psc%3D1&qualifier=1627296395&id=5136506273717620&widgetName=sp_mtf
HP Z3700 Wireless Mouse Silver,"₹1,049",4.3 out of 5 stars,https://www.amazon.in/HP-Z3700-Wireless-Mouse-Silver/dp/B01KK09ZKU/ref=sr_1_93?dchild=1&keywords=wired+mouse&qid=1627296395&sr=8-93
FINGERS Breeze M6 Wired Mouse Compatible with Windows & Mac for Smooth & efficient Performance,₹290,3.5 out of 5 stars,https://www.amazon.in/FINGERS-Compatible-Windows-efficient-Performance/dp/B08QRR5D1J/ref=sr_1_94?dchild=1&keywords=wired+mouse&qid=1627296395&sr=8-94
"Storite 5 Pack Wired Optical Mouse, 3-Button Ergonomic Computer Mice for Right or Left Hand, Corded USB Mouse for PC, Computer, Laptop, Desktop, Chromebook, Notebook, Mac (Black)",₹999,3.2 out of 5 stars,https://www.amazon.in/Storite-Wired-Optical-Mouse-Chromebook/dp/B0924KBVXX/ref=sr_1_95?dchild=1&keywords=wired+mouse&qid=1627296395&sr=8-95
Amkette KP8 Wired USB Mouse with 3 Buttons for PC/Laptop (Black),₹249,,https://www.amazon.in/Amkette-Wired-Mouse-Buttons-Laptop/dp/B07SR1M1SF/ref=sr_1_96?dchild=1&keywords=wired+mouse&qid=1627296395&sr=8-96
BigPlayer 3D Optical Wired USB Mouse (Black),₹218,4.1 out of 5 stars,https://www.amazon.in/BigPlayer-Optical-Wired-Mouse-Black/dp/B08K5R4SBY/ref=sr_1_97?dchild=1&keywords=wired+mouse&qid=1627296395&sr=8-97
"Adcom Wired 3D USB Optical Mouse with Matte Finish and HD Duo Technology (Blue, Large Size)",₹199,3.7 out of 5 stars,https://www.amazon.in/Adcom-AD-1145-Optical-Buttons-Finish/dp/B07S1X1W1T/ref=sr_1_98?dchild=1&keywords=wired+mouse&qid=1627296395&sr=8-98
Heart Shaped Optical Mouse(Wired),₹249,5.0 out of 5 stars,https://www.amazon.in/Heart-Shaped-Optical-Mouse-Wired/dp/B08WRW91DF/ref=sr_1_99?dchild=1&keywords=wired+mouse&qid=1627296395&sr=8-99
Mantr QHM222 USB Mouse (Black) Wired for LAPTOPS and DESKTOPS,₹190,2.5 out of 5 stars,https://www.amazon.in/Mantr-QHM222-Mouse-LAPTOPS-DESKTOPS/dp/B089RZGJZZ/ref=sr_1_100?dchild=1&keywords=wired+mouse&qid=1627296395&sr=8-100
IN ONE Wireless Optical Mouse,₹599,4.4 out of 5 stars,https://www.amazon.in/gp/slredirect/picassoRedirect.html/ref=pa_sp_btf_aps_sr_pg6_1?ie=UTF8&adId=A1021718O94IVX1QZZUX&url=%2FInOne-Design-Bluetooth-Optical-Mouse%2Fdp%2FB083KDN1PF%2Fref%3Dsr_1_101_sspa%3Fdchild%3D1%26keywords%3Dwired%2Bmouse%26qid%3D1627296395%26sr%3D8-101-spons%26psc%3D1&qualifier=1627296395&id=5136506273717620&widgetName=sp_btf
Dell Mobile Pro Wireless Mouse MS5120W - Titan Gray - 3yrs Adv. Exc Serv,"₹2,299",3.8 out of 5 stars,https://www.amazon.in/gp/slredirect/picassoRedirect.html/ref=pa_sp_btf_aps_sr_pg6_1?ie=UTF8&adId=A0345148EWQJRGFXWR4I&url=%2FDell-Mobile-Wireless-Mouse-MS5120W%2Fdp%2FB088KM4WHG%2Fref%3Dsr_1_102_sspa%3Fdchild%3D1%26keywords%3Dwired%2Bmouse%26qid%3D1627296395%26smid%3DA14CZOWI0VEHLG%26sr%3D8-102-spons%26psc%3D1&qualifier=1627296395&id=5136506273717620&widgetName=sp_btf
"elevn ergo11s 2.4GHz Premium Silent Wireless Optical Mouse for Laptop, Desktop, PC, MacBook – Grey, Black",₹773,4.5 out of 5 stars,https://www.amazon.in/gp/slredirect/picassoRedirect.html/ref=pa_sp_atf_next_aps_sr_pg7_1?ie=UTF8&adId=A02241043OR8DQS5923ZG&url=%2Felevn-ergo11s-Premium-Wireless-Optical%2Fdp%2FB08QW9QT85%2Fref%3Dsr_1_98_sspa%3Fdchild%3D1%26keywords%3Dwired%2Bmouse%26qid%3D1627296397%26smid%3DA14CZOWI0VEHLG%26sr%3D8-98-spons%26psc%3D1&qualifier=1627296397&id=1411493188806046&widgetName=sp_atf_next
"Mixie (Wired, Plug and Play USB Mouse, 1000dpi, Medium and Large Mouse, Comfortable to Hold and Comfortable to Work (Male Recommended)",₹660,3.5 out of 5 stars,https://www.amazon.in/Mixie-1000dpi-Medium-Comfortable-Recommended/dp/B09316TS2J/ref=sr_1_99?dchild=1&keywords=wired+mouse&qid=1627296397&sr=8-99
Enter USB Optical 800dpi Wired Wheel Mouse E-78CU (UPV Sales),₹260,3.9 out of 5 stars,https://www.amazon.in/Enter-Optical-800dpi-Wired-Wheel/dp/B0786HPVRX/ref=sr_1_100?dchild=1&keywords=wired+mouse&qid=1627296397&sr=8-100
R.k Sons Wired Plug and Play Optical Mouse for Laptop and Desktop Computers- Black Color,₹149,,https://www.amazon.in/Wired-Optical-Laptop-Desktop-Computers/dp/B0927FHP1J/ref=sr_1_101?dchild=1&keywords=wired+mouse&qid=1627296397&sr=8-101
M10 Wired Optical Mouse (USB 2.0),₹300,,https://www.amazon.in/M10-Wired-Optical-Mouse-USB/dp/B097F4SRNV/ref=sr_1_102?dchild=1&keywords=wired+mouse&qid=1627296397&sr=8-102
Ddice USB Lighting Wired Mouse with 3200 DPI 6 Buttom Optical Sensor Mouse with Multicolor Lighting Wired Optical Mouse,₹489,,https://www.amazon.in/Lighting-Buttom-Optical-Sensor-Multicolor/dp/B0936MRQ1P/ref=sr_1_103?dchild=1&keywords=wired+mouse&qid=1627296397&sr=8-103
Computer compatibilityWith Quantum QHM222 3-Button 1000DPI Wired Optical Mouse (Black),₹295,1.0 out of 5 stars,https://www.amazon.in/Computer-compatibilityWith-Quantum-3-Button-1000DPI/dp/B08MCLM1R9/ref=sr_1_104?dchild=1&keywords=wired+mouse&qid=1627296397&sr=8-104
"Philips 5-Button Gaming Mouse RGB 7-Color “Breathing” Chroma FX | Adjustable up to 6400 DPI | High-Precision Wired Optical Mouse Sensor w/ 5 Programmable Buttons (SPK9304), Black",₹699,3.9 out of 5 stars,https://www.amazon.in/Breathing-Adjustable-High-Precision-Programmable-SPK9304/dp/B07WKBB7R7/ref=sr_1_105?dchild=1&keywords=wired+mouse&qid=1627296397&sr=8-105
PremiumAV 3D Optical Wired Mouse (Black),₹220,3.5 out of 5 stars,https://www.amazon.in/PremiumAV-MST-729-4-N-Optical-Wired-Mouse/dp/B07BQYKMLJ/ref=sr_1_106?dchild=1&keywords=wired+mouse&qid=1627296397&sr=8-106
Zebronics Zeb -Dash Wireless Optical Mouse(Black),₹325,3.6 out of 5 stars,https://www.amazon.in/gp/slredirect/picassoRedirect.html/ref=pa_sp_mtf_aps_sr_pg7_1?ie=UTF8&adId=A07297621X1FESDA3PDM9&url=%2FZEBRONICS-Wireless-Optical-Mouse-Dash%2Fdp%2FB07DNR7JWH%2Fref%3Dsr_1_108_sspa%3Fdchild%3D1%26keywords%3Dwired%2Bmouse%26qid%3D1627296397%26sr%3D8-108-spons%26psc%3D1&qualifier=1627296397&id=1411493188806046&widgetName=sp_mtf
Football Shaped Digital Mouse (Wired,₹249,,https://www.amazon.in/Football-Shaped-Digital-Mouse-Wired/dp/B08WRGXT2L/ref=sr_1_109?dchild=1&keywords=wired+mouse&qid=1627296397&sr=8-109
"InfiDeals USB 2.0 Wired Optical Mouse, Mini Mice for Laptop Desktop PC Computer",₹199,3.5 out of 5 stars,https://www.amazon.in/InfiDeals-Optical-Laptop-Desktop-Computer/dp/B08NCNFSNK/ref=sr_1_110?dchild=1&keywords=wired+mouse&qid=1627296397&sr=8-110
"OpenUp Wired Mini Creative Finger Lazy Mouse, Wired Finger Mouse Optical Handheld Finger Mouse for PC Laptop Computer",₹899,1.0 out of 5 stars,https://www.amazon.in/OpenUp-Creative-Optical-Handheld-Computer/dp/B094TZDR1S/ref=sr_1_111?dchild=1&keywords=wired+mouse&qid=1627296397&sr=8-111
Foxin Smart-Grey Wired Optical Mouse (Grey),₹199,2.7 out of 5 stars,https://www.amazon.in/Foxin-Smart-Grey-Wired-Optical-Mouse/dp/B07VSDVNTG/ref=sr_1_112?dchild=1&keywords=wired+mouse&qid=1627296397&sr=8-112
"Sis MS116 Wired Optical Mouse, Black - Pack of 1",₹299,,https://www.amazon.in/MS116-Wired-Optical-Mouse-Black/dp/B096NR3458/ref=sr_1_113?dchild=1&keywords=wired+mouse&qid=1627296397&sr=8-113
Quantum QHM232 3-Button 1000DPI Wired Optical Mouse (Black),₹299,1.0 out of 5 stars,https://www.amazon.in/Quantum-QHM232-3-Button-1000DPI-Optical/dp/B08SWN9QQZ/ref=sr_1_114?dchild=1&keywords=wired+mouse&qid=1627296397&sr=8-114
Meriox 2.0 USB Wired Mouse for Resolution 400/800/1000 DPI Desktop/Laptop Mouse Multi Purpose Use.,₹299,,https://www.amazon.in/Meriox-Resolution-Desktop-Laptop-Purpose/dp/B08P8HWD5Q/ref=sr_1_116?dchild=1&keywords=wired+mouse&qid=1627296397&sr=8-116
"Logitech M190 Wireless Mouse , Full Size Ambidextrous Curve Design, 18-Month Battery with Power Saving Mode, USB Receiver, Precise Cursor Control + Scrolling, Wide Scroll Wheel, Scooped Buttons -Black",₹799,4.3 out of 5 stars,https://www.amazon.in/gp/slredirect/picassoRedirect.html/ref=pa_sp_btf_aps_sr_pg7_1?ie=UTF8&adId=A00499662TCY6D5BMP0SB&url=%2FLogitech-M190-Wireless-Ambidextrous-Scrolling%2Fdp%2FB08FJ8YSB8%2Fref%3Dsr_1_117_sspa%3Fdchild%3D1%26keywords%3Dwired%2Bmouse%26qid%3D1627296397%26sr%3D8-117-spons%26psc%3D1&qualifier=1627296397&id=1411493188806046&widgetName=sp_btf
"Logitech B170 Wireless Mouse, 2.4 GHz with USB Nano Receiver, Optical Tracking, 12-Months Battery Life, Ambidextrous, PC/Mac/Laptop - Black",₹595,4.4 out of 5 stars,https://www.amazon.in/gp/slredirect/picassoRedirect.html/ref=pa_sp_btf_aps_sr_pg7_1?ie=UTF8&adId=A10307641O9L8LU6N7PT&url=%2FLogitech-B170-Wireless-Mouse-Black%2Fdp%2FB01J0XWYKQ%2Fref%3Dsr_1_118_sspa%3Fdchild%3D1%26keywords%3Dwired%2Bmouse%26qid%3D1627296397%26smid%3DA14CZOWI0VEHLG%26sr%3D8-118-spons%26psc%3D1&qualifier=1627296397&id=1411493188806046&widgetName=sp_btf
AmazonBasics Wireless Mouse with Nano Receiver - Red,"₹1,349",4.1 out of 5 stars,https://www.amazon.in/gp/slredirect/picassoRedirect.html/ref=pa_sp_atf_next_aps_sr_pg8_1?ie=UTF8&adId=A05024991WGMSVJ189U57&url=%2FAmazonBasics-Wireless-Mouse-Nano-Receiver%2Fdp%2FB01NADN0Q1%2Fref%3Dsr_1_113_sspa%3Fdchild%3D1%26keywords%3Dwired%2Bmouse%26qid%3D1627296399%26sr%3D8-113-spons%26psc%3D1&qualifier=1627296399&id=980386195438946&widgetName=sp_atf_next
"Logitech M190 Wireless Mouse ,Full Size Ambidextrous Curve Design, 18-Month Battery with Power Saving Mode, USB Receiver, Precise Cursor Control + Scrolling, Wide Scroll Wheel, Scooped Buttons -Blue",₹799,4.3 out of 5 stars,https://www.amazon.in/gp/slredirect/picassoRedirect.html/ref=pa_sp_atf_next_aps_sr_pg8_1?ie=UTF8&adId=A00501221V70B903K9EK1&url=%2FLogitech-Wireless-Ambidextrous-18-Month-Scrolling%2Fdp%2FB08FJ9KCXY%2Fref%3Dsr_1_114_sspa%3Fdchild%3D1%26keywords%3Dwired%2Bmouse%26qid%3D1627296399%26sr%3D8-114-spons%26psc%3D1&qualifier=1627296399&id=980386195438946&widgetName=sp_atf_next
Elmech Wired Mouse Breeze M6,₹304,4.0 out of 5 stars,https://www.amazon.in/Fingers-Wired-Mouse-Breeze-M6/dp/B084JFX4G8/ref=sr_1_115?dchild=1&keywords=wired+mouse&qid=1627296399&sr=8-115
"Realpix Classic H-102 Wired USB Mouse, 2000 DPI Optical Technology, Ambidextrous PC/Mac/Laptop - Black",₹195,4.5 out of 5 stars,https://www.amazon.in/Realpix-Classic-Optical-Technology-Ambidextrous/dp/B08X2RXRXC/ref=sr_1_116?dchild=1&keywords=wired+mouse&qid=1627296399&sr=8-116
"HexaGear Heavy Duty Wired Mouse Premium Class Product Wired Optical Mouse (USB 2.0, Black)",₹299,,https://www.amazon.in/HexaGear-Heavy-Wired-Product-Optical/dp/B07WTX6593/ref=sr_1_117?dchild=1&keywords=wired+mouse&qid=1627296399&sr=8-117
Wired Mouse for Laptop and Desktop Computer PC with Faster Response Time (Grey),₹299,,https://www.amazon.in/Laptop-Desktop-Computer-Faster-Response/dp/B095K79KQ5/ref=sr_1_118?dchild=1&keywords=wired+mouse&qid=1627296399&sr=8-118
"APLT-Wired USB Mouse for Computers and laptops, for Right or Left Hand Use, Black",₹155,5.0 out of 5 stars,https://www.amazon.in/APLT-Wired-Mouse-Computers-laptops-Right/dp/B08V1CLDNK/ref=sr_1_119?dchild=1&keywords=wired+mouse&qid=1627296399&sr=8-119
Ramnad's Wired Optical USB Mouse/Mice (with 1000 DPI) for Your Desktop & Laptop (Home & Office Use) REWUSBM013,₹220,,https://www.amazon.in/Ramnads-Optical-Mouse-Mice-REWUSBM013/dp/B08RBCMVP8/ref=sr_1_120?dchild=1&keywords=wired+mouse&qid=1627296399&sr=8-120
Enter USB Optical 800DPI Wired Wheel Mouse E-78CU,₹295,5.0 out of 5 stars,https://www.amazon.in/Enter-Optical-800DPI-Wired-Wheel/dp/B07FQLHMK3/ref=sr_1_122?dchild=1&keywords=wired+mouse&qid=1627296399&sr=8-122
Microsoft Surface Arc Mouse - Light Grey,"₹6,999",4.6 out of 5 stars,https://www.amazon.in/gp/slredirect/picassoRedirect.html/ref=pa_sp_mtf_aps_sr_pg8_1?ie=UTF8&adId=A08391603F7WBGMJ6L8JB&url=%2FMicrosoft-Surface-Arc-Mouse-Light%2Fdp%2FB071DTNNL7%2Fref%3Dsr_1_123_sspa%3Fdchild%3D1%26keywords%3Dwired%2Bmouse%26qid%3D1627296399%26sr%3D8-123-spons%26psc%3D1%26smid%3DA3F4M4AO65A07O&qualifier=1627296399&id=980386195438946&widgetName=sp_mtf
Logitech M90 USB 2.0 Mouse (Black),₹395,4.6 out of 5 stars,https://www.amazon.in/gp/slredirect/picassoRedirect.html/ref=pa_sp_mtf_aps_sr_pg8_1?ie=UTF8&adId=A06580542FBY5QQIY9961&url=%2FLogitech-M90-USB-Mouse-Black%2Fdp%2FB003AUZKYI%2Fref%3Dsr_1_124_sspa%3Fdchild%3D1%26keywords%3Dwired%2Bmouse%26qid%3D1627296399%26sr%3D8-124-spons%26psc%3D1%26smid%3DA1U6KAHJYBD6J6&qualifier=1627296399&id=980386195438946&widgetName=sp_mtf
Foxin Classy-Red Wired Optical Mouse (Red),₹199,3.8 out of 5 stars,https://www.amazon.in/Foxin-Classy-Red-Wired-Optical-Mouse/dp/B07VSDRFVS/ref=sr_1_125?dchild=1&keywords=wired+mouse&qid=1627296399&sr=8-125
Dell MS116 USB Optical Mouse (Black),₹339,4.4 out of 5 stars,https://www.amazon.in/Dell-MS116-BK-MS116-USB-Mouse/dp/B013I6KOEY/ref=sr_1_126?dchild=1&keywords=wired+mouse&qid=1627296399&sr=8-126
Dell Laser Wired Mouse MS3220 - Titan Gray - 3yrs Adv. Exc Serv,"₹1,099",3.8 out of 5 stars,https://www.amazon.in/Dell-Laser-Wired-Mouse-MS3220/dp/B08KH5GQQD/ref=sr_1_127?dchild=1&keywords=wired+mouse&qid=1627296399&smid=A14CZOWI0VEHLG&sr=8-127
"Mistique® USB 2.0 Wired Optical Mouse 2000 DPI for Laptop,Computer, PC etc.- (Black with Red Light)",₹145,,https://www.amazon.in/Mistique%C2%AE-Wired-Optical-Laptop-Computer/dp/B08TTRHZXR/ref=sr_1_128?dchild=1&keywords=wired+mouse&qid=1627296399&sr=8-128
BOSSTECH 3-Button 1000DPI Wired Optical USB Mouse for LAPTOPS and DESKTOPS,₹349,,https://www.amazon.in/BOSSTECH-3-Button-1000DPI-Optical-DESKTOPS/dp/B09426WWLD/ref=sr_1_129?dchild=1&keywords=wired+mouse&qid=1627296399&sr=8-129
"Zebronics USB Comfort + Wired Optical Mouse (USB, Black) | Mobiles | PC | Laptop",₹190,3.6 out of 5 stars,https://www.amazon.in/Zebronics-Comfort-Optical-Mobiles-Laptop/dp/B07BDM29QP/ref=sr_1_131?dchild=1&keywords=wired+mouse&qid=1627296399&sr=8-131
Terabyte TB-36B Terabyte 3D Optical Wired USB Mouse (Black),₹139,2.7 out of 5 stars,https://www.amazon.in/TB-36B-Terabyte-Optical-Wired-Mouse/dp/B07H1CDFYL/ref=sr_1_132?dchild=1&keywords=wired+mouse&qid=1627296399&sr=8-132
"Logitech MX Master 2S Wireless Mouse, Multi-Device, Bluetooth or 2.4GHz Wireless with USB Unifying Receiver, 4000 DPI Any Surface Tracking, 7 Buttons, Fast Rechargeable, Laptop/PC/Mac/iPad OS - Black","₹4,995",4.6 out of 5 stars,https://www.amazon.in/gp/slredirect/picassoRedirect.html/ref=pa_sp_btf_aps_sr_pg8_1?ie=UTF8&adId=A0999804RCM8R3I4YCX7&url=%2FLogitech-Wireless-Cross-Computer-Control-Sharing%2Fdp%2FB071YZJ1G1%2Fref%3Dsr_1_133_sspa%3Fdchild%3D1%26keywords%3Dwired%2Bmouse%26qid%3D1627296399%26smid%3DA14CZOWI0VEHLG%26sr%3D8-133-spons%26psc%3D1&qualifier=1627296399&id=980386195438946&widgetName=sp_btf
"Coconut WM18 Elite Wireless Mouse 2.4Ghz Connectivity Upto 1200 DPI with Ergonomic Design, Nano USB Receiver with 3 Keys for Windows Laptop, Computer, Notebook 6-10M Wireless Range - Black",₹499,4.2 out of 5 stars,https://www.amazon.in/gp/slredirect/picassoRedirect.html/ref=pa_sp_btf_aps_sr_pg8_1?ie=UTF8&adId=A10464463VG9C3ASLTAIO&url=%2FCoconut-Wireless-Connectivity-Ergonomic-Receiver%2Fdp%2FB096P76456%2Fref%3Dsr_1_134_sspa%3Fdchild%3D1%26keywords%3Dwired%2Bmouse%26qid%3D1627296399%26sr%3D8-134-spons%26psc%3D1&qualifier=1627296399&id=980386195438946&widgetName=sp_btf
AmazonBasics Wireless Mouse with Nano Receiver - Blue,"₹1,349",4.1 out of 5 stars,https://www.amazon.in/gp/slredirect/picassoRedirect.html/ref=pa_sp_atf_next_aps_sr_pg9_1?ie=UTF8&adId=A09071043FCH6WLXUA1QT&url=%2FAmazonBasics-Wireless-Mouse-Nano-Receiver%2Fdp%2FB01MYU6XSB%2Fref%3Dsr_1_129_sspa%3Fdchild%3D1%26keywords%3Dwired%2Bmouse%26qid%3D1627296401%26sr%3D8-129-spons%26psc%3D1&qualifier=1627296401&id=6054795060568929&widgetName=sp_atf_next
"Coconut WM19 Posh Wireless Mouse 2.4Ghz Connectivity Upto 1200 DPI with Ergonomic Design, Nano USB Receiver with 3 Keys for Windows Laptop, Computer, Notebook 6-10M Wireless Range - Black",₹499,4.2 out of 5 stars,https://www.amazon.in/gp/slredirect/picassoRedirect.html/ref=pa_sp_atf_next_aps_sr_pg9_1?ie=UTF8&adId=A10463222RF7R6BL555CA&url=%2FCoconut-Wireless-Connectivity-Ergonomic-Receiver%2Fdp%2FB096P6KYNC%2Fref%3Dsr_1_130_sspa%3Fdchild%3D1%26keywords%3Dwired%2Bmouse%26qid%3D1627296401%26sr%3D8-130-spons%26psc%3D1&qualifier=1627296401&id=6054795060568929&widgetName=sp_atf_next
"Jemei Optical USB Mouse Wired Optical Mouse (USB 2.0, Black)",₹319,,https://www.amazon.in/Jemei-Optical-Mouse-Wired-Black/dp/B08PZGC8GY/ref=sr_1_131?dchild=1&keywords=wired+mouse&qid=1627296401&sr=8-131
"Red Champion Black Wired Plug & Play 3.0 USB Mouse, 3-Button Design with Scroll Wheel Ergonomic Mouse and Micro OTG",₹169,,https://www.amazon.in/Red-Champion-3-Button-Design-Ergonomic/dp/B095SGZ3BC/ref=sr_1_132?dchild=1&keywords=wired+mouse&qid=1627296401&sr=8-132
Artis M10 Wired USB Optical Mouse,₹239,3.1 out of 5 stars,https://www.amazon.in/Artis-AR-M10-Wired-Optical-Mouse/dp/B07LD5PKS3/ref=sr_1_133?dchild=1&keywords=wired+mouse&qid=1627296401&sr=8-133
"Jeeban Solutions™ Wired USB Mouse ( Pack of 03 ) 20000 DPI Optical Tracking, Ambidextrous PC/Mac/Laptop - Black",₹299,,https://www.amazon.in/Jeeban-SolutionsTM-Optical-Tracking-Ambidextrous/dp/B08XW7L9CP/ref=sr_1_135?dchild=1&keywords=wired+mouse&qid=1627296401&sr=8-135
"Red Champion Black Wired Plug & Play 3.0 USB Mouse, 3-Button Design with Scroll Wheel Ergonomic Mouse",₹129,,https://www.amazon.in/Red-Champion-3-Button-Design-Ergonomic/dp/B095SH5ZRC/ref=sr_1_136?dchild=1&keywords=wired+mouse&qid=1627296401&sr=8-136
APLT-3- USB Wired Optical Mouse (Black),₹155,,https://www.amazon.in/APLT-3-Wired-Optical-Mouse-Black/dp/B08V13GYBM/ref=sr_1_137?dchild=1&keywords=wired+mouse&qid=1627296401&sr=8-137
1000 DPI Wired USB Optical Mouse with LED Breathing Light for Laptop and Computer(Set of 2 Mouse)-FM,₹360,3.7 out of 5 stars,https://www.amazon.in/Wired-Optical-Breathing-Laptop-Computer/dp/B074W1Z4LZ/ref=sr_1_138?dchild=1&keywords=wired+mouse&qid=1627296401&sr=8-138
"ZEBRONICS Zeb-Dash Plus 2.4 GHz Wireless Mouse with USB Nano Receiver, 4 Buttons, Power Saving Mode, for PC/Mac/Laptops (Black)",₹249,3.5 out of 5 stars,https://www.amazon.in/gp/slredirect/picassoRedirect.html/ref=pa_sp_mtf_aps_sr_pg9_1?ie=UTF8&adId=A0622611JYODGKZ8MOAO&url=%2FZEBRONICS-Zeb-Dash-Wireless-Receiver-Buttons%2Fdp%2FB08YDFX7Y1%2Fref%3Dsr_1_139_sspa%3Fdchild%3D1%26keywords%3Dwired%2Bmouse%26qid%3D1627296401%26sr%3D8-139-spons%26psc%3D1&qualifier=1627296401&id=6054795060568929&widgetName=sp_mtf
Microsoft Surface Mobile Mouse (Ice Blue),"₹3,950",4.7 out of 5 stars,https://www.amazon.in/gp/slredirect/picassoRedirect.html/ref=pa_sp_mtf_aps_sr_pg9_1?ie=UTF8&adId=A083955228Q11J8XROL1C&url=%2FMicrosoft-Surface-Mobile-Mouse-Blue%2Fdp%2FB086Q8KSFY%2Fref%3Dsr_1_140_sspa%3Fdchild%3D1%26keywords%3Dwired%2Bmouse%26qid%3D1627296401%26sr%3D8-140-spons%26psc%3D1&qualifier=1627296401&id=6054795060568929&widgetName=sp_mtf
ProDot USB Optical Mouse,₹120,3.6 out of 5 stars,https://www.amazon.in/PRODOT-ProDot-USB-Optical-Mouse/dp/B077KZ9S1V/ref=sr_1_141?dchild=1&keywords=wired+mouse&qid=1627296401&sr=8-141
infotech Dell Ms116 Optical Mouse,₹400,5.0 out of 5 stars,https://www.amazon.in/infotech-Dell-Ms116-Optical-Mouse/dp/B08MBWSZG1/ref=sr_1_142?dchild=1&keywords=wired+mouse&qid=1627296401&sr=8-142
"ZEBRONICS Zeb-Comfort Wired USB Mouse, 3-Button, 1000 DPI Optical Sensor, Plug & Play, for Windows/Mac, Black",₹190,3.8 out of 5 stars,https://www.amazon.in/Zebronics-Wired-Optical-Mouse-Black/dp/B079Y6JZC8/ref=sr_1_143?dchild=1&keywords=wired+mouse&qid=1627296401&sr=8-143
REO USB N4 Wired Optical Scroll Mouse(1.8 Mtr Long Cable).,₹250,4.1 out of 5 stars,https://www.amazon.in/REO-Optical-Desktop-Laptop-SilverBlack/dp/B0795128X6/ref=sr_1_144?dchild=1&keywords=wired+mouse&qid=1627296401&sr=8-144
"Comfortable Mouse, USB Vertical Wired Mouse Ergonomic Design Wrist Rest Gaming Mice for PC Laptop(Blue)","₹1,249",2.5 out of 5 stars,https://www.amazon.in/Comfortable-Vertical-Ergonomic-Design-Gaming/dp/B08B8XY6JF/ref=sr_1_145?dchild=1&keywords=wired+mouse&qid=1627296401&sr=8-145
"Fronix USB Wired Mouse, Ergonomic Computer Mouse, Optical Computer Mouse with 1000 DPI,5ft Cord, compact design for fit to hand for good grip and beautiful red light is side border ,Support Laptop Chromebook PC Desktop Mac Notebook(Black)",₹215,4.5 out of 5 stars,https://www.amazon.in/Fronix-Ergonomic-Computer-beautiful-Chromebook/dp/B0952BH1ZG/ref=sr_1_146?dchild=1&keywords=wired+mouse&qid=1627296401&sr=8-146
"Shaping Hub Wired Optical Mouse for Laptop, Computers, PC etc",₹169,2.0 out of 5 stars,https://www.amazon.in/Shaping-Wired-Optical-Laptop-Computers/dp/B08XJ4RQQ6/ref=sr_1_148?dchild=1&keywords=wired+mouse&qid=1627296401&sr=8-148
"Sis MS116 Wired Optical Mouse, Black - Pack of 1",₹299,,https://www.amazon.in/gp/slredirect/picassoRedirect.html/ref=pa_sp_btf_aps_sr_pg9_1?ie=UTF8&adId=A061165316KULZ2Y43TL1&url=%2FMS116-Wired-Optical-Mouse-Black%2Fdp%2FB096NR3458%2Fref%3Dsr_1_149_sspa%3Fdchild%3D1%26keywords%3Dwired%2Bmouse%26qid%3D1627296401%26sr%3D8-149-spons%26psc%3D1&qualifier=1627296401&id=6054795060568929&widgetName=sp_btf
"Logitech MX Master 3 Wireless Mouse, Ultrafast Scrolling, Use on Any Surface, Ergonomic, 4000 Dpi, Customisation, USB-C, Bluetooth/USB, Apple Mac iPad OS Microsoft PC Windows Linux, Dark Grey","₹7,495",4.6 out of 5 stars,https://www.amazon.in/gp/slredirect/picassoRedirect.html/ref=pa_sp_btf_aps_sr_pg9_1?ie=UTF8&adId=A09031341TSRMKA63X5GB&url=%2FLogitech-MX-Master-Ultrafast-Customisation%2Fdp%2FB07YXNDK6X%2Fref%3Dsr_1_150_sspa%3Fdchild%3D1%26keywords%3Dwired%2Bmouse%26qid%3D1627296401%26sr%3D8-150-spons%26psc%3D1&qualifier=1627296401&id=6054795060568929&widgetName=sp_btf
AmazonBasics Wireless Mouse with Nano Receiver - Silver,"₹1,349",4.1 out of 5 stars,https://www.amazon.in/gp/slredirect/picassoRedirect.html/ref=pa_sp_atf_next_aps_sr_pg10_1?ie=UTF8&adId=A0517966WOO7QXZA1WC6&url=%2FAmazonBasics-Wireless-Mouse-Nano-Receiver%2Fdp%2FB01MZZR0PV%2Fref%3Dsr_1_145_sspa%3Fdchild%3D1%26keywords%3Dwired%2Bmouse%26qid%3D1627296403%26sr%3D8-145-spons%26psc%3D1&qualifier=1627296403&id=397383400772947&widgetName=sp_atf_next
"Coconut WM19 Posh Wireless Mouse 2.4Ghz Connectivity Upto 1200 DPI with Ergonomic Design, Nano USB Receiver with 3 Keys for Windows Laptop, Computer, Notebook 6-10M Wireless Range - Grey",₹499,4.2 out of 5 stars,https://www.amazon.in/gp/slredirect/picassoRedirect.html/ref=pa_sp_atf_next_aps_sr_pg10_1?ie=UTF8&adId=A10459221Y0MNQABGQCLS&url=%2FCoconut-Wireless-Connectivity-Ergonomic-Receiver%2Fdp%2FB096P6CX79%2Fref%3Dsr_1_146_sspa%3Fdchild%3D1%26keywords%3Dwired%2Bmouse%26qid%3D1627296403%26sr%3D8-146-spons%26psc%3D1&qualifier=1627296403&id=397383400772947&widgetName=sp_atf_next
"US1984 LED Backlight 4 Button Wired USB Gaming Mouse, Durable ABS Body for Gamers, Colorful RGB Backlit, 3 Adjustable 1600 DPI Levels, USB Wired Mice for PC (Gaming USB Mouse)",₹538,4.1 out of 5 stars,https://www.amazon.in/US1984-Backlight-Durable-Colorful-Adjustable/dp/B08BX3JF73/ref=sr_1_147?dchild=1&keywords=wired+mouse&qid=1627296403&sr=8-147
Keeva Monster Wired USB Lightining Mouse.,₹249,5.0 out of 5 stars,https://www.amazon.in/Keeva-Monster-Wired-Lightining-Mouse/dp/B0825XRWSM/ref=sr_1_148?dchild=1&keywords=wired+mouse&qid=1627296403&sr=8-148
MS116 Optical Mouse 3-Button 400/8001000DPI Wired Optical Mouse with USB Interface (Black),₹279,1.0 out of 5 stars,https://www.amazon.in/MS116-Optical-3-Button-8001000DPI-Interface/dp/B08X28MKWV/ref=sr_1_149?dchild=1&keywords=wired+mouse&qid=1627296403&sr=8-149
Lenovo M110 USB Optical Mouse (Black),₹550,4.1 out of 5 stars,https://www.amazon.in/Lenovo-M110-Optical-Mouse-Black/dp/B00OCFFRE8/ref=sr_1_150?dchild=1&keywords=wired+mouse&qid=1627296403&sr=8-150
Yanmai 3D Optical Wired Mouse (Black),₹249,,https://www.amazon.in/Yanmai-Optical-Wired-Mouse-Black/dp/B095WRQRTH/ref=sr_1_151?dchild=1&keywords=wired+mouse&qid=1627296403&sr=8-151
Corseca 3-Button USB Wired Optical Mouse,₹208,1.0 out of 5 stars,https://www.amazon.in/Corseca-3-Button-Wired-Optical-Mouse/dp/B06XF1KRFP/ref=sr_1_152?dchild=1&keywords=wired+mouse&qid=1627296403&sr=8-152
INTEX Mouse Optical Click Specifications,₹255,4.5 out of 5 stars,https://www.amazon.in/INTEX-Mouse-Optical-Click-Specifications/dp/B07HCKWRVF/ref=sr_1_153?dchild=1&keywords=wired+mouse&qid=1627296403&sr=8-153
"FEDUS Mouse for Laptop, Mouse for Computer, Mouse for Desktop, 3D 3-Button 2000DPI Wired Optical USB Mouse for LAPTOPS and DESKTOPS",₹249,3.6 out of 5 stars,https://www.amazon.in/Zebronics-MS-M05-Plus-Optical-Mouse/dp/B00K22DUJY/ref=sr_1_154?dchild=1&keywords=wired+mouse&qid=1627296403&sr=8-154
"Pikaboo Optical Wireless Mouse for Laptop and Desktop | Comfortable Grip, Slim Design, Stylish Black Mouse with Nano Receiver",₹369,,https://www.amazon.in/gp/slredirect/picassoRedirect.html/ref=pa_sp_mtf_aps_sr_pg10_1?ie=UTF8&adId=A0257699XJ18D50HFWZQ&url=%2FPikaboo-Optical-Wireless-Receiver-Mouse%2Fdp%2FB081Z25B35%2Fref%3Dsr_1_155_sspa%3Fdchild%3D1%26keywords%3Dwired%2Bmouse%26qid%3D1627296403%26sr%3D8-155-spons%26psc%3D1&qualifier=1627296403&id=397383400772947&widgetName=sp_mtf
"Logitech MX Anywhere 3 Compact Performance Mouse – Wireless, Magnetic Scrolling, Ergonomic, 4000DPI Sensor, Custom Buttons, USB-C, Bluetooth, Apple Mac, iPad, Windows PC, Linux, Chrome - Pale Grey","₹6,540",4.6 out of 5 stars,https://www.amazon.in/gp/slredirect/picassoRedirect.html/ref=pa_sp_mtf_aps_sr_pg10_1?ie=UTF8&adId=A0982333YA11WGR6Y06H&url=%2FLogitech-Anywhere-Compact-Performance-Mouse%2Fdp%2FB08NK46TN9%2Fref%3Dsr_1_156_sspa%3Fdchild%3D1%26keywords%3Dwired%2Bmouse%26qid%3D1627296403%26sr%3D8-156-spons%26psc%3D1&qualifier=1627296403&id=397383400772947&widgetName=sp_mtf
"Logitech M190 Wireless Mouse , Full Size Ambidextrous Curve Design, 18-Month Battery with Power Saving Mode, USB Receiver, Precise Cursor Control + Scrolling, Wide Scroll Wheel, Scooped Buttons -Red",₹799,4.3 out of 5 stars,https://www.amazon.in/Logitech-Wireless-Ambidextrous-18-Month-Scrolling/dp/B08FJ94HH1/ref=sr_1_157?dchild=1&keywords=wired+mouse&qid=1627296403&sr=8-157
"Rhymestore® USB 2.0 Wired Optical Mouse 2000 DPI for Laptop,Computer,PC etc.- (Black with Red Light)",₹245,,https://www.amazon.in/Rhymestore%C2%AE-Wired-Optical-Laptop-Computer/dp/B08TH8C7PJ/ref=sr_1_158?dchild=1&keywords=wired+mouse&qid=1627296403&sr=8-158
"BOKA® USB 2.0 Wired Optical Mouse 2000 DPI for Laptop,Computer,PC etc.- (Black with Red Light)",₹299,3.3 out of 5 stars,https://www.amazon.in/BOKA%C2%AE-Wired-Optical-Laptop-Computer/dp/B085W8Q2NY/ref=sr_1_159?dchild=1&keywords=wired+mouse&qid=1627296403&sr=8-159
Terabyte Terbyte 3D Optical TB-36B Wired Mouse,₹135,4.0 out of 5 stars,https://www.amazon.in/Terabyte-Terbyte-Optical-TB-36B-Wired/dp/B08FCPRQ1X/ref=sr_1_160?dchild=1&keywords=wired+mouse&qid=1627296403&sr=8-160
"Sis Quantum QHM232D USB Mouse, Black - Pack of 1",₹150,,https://www.amazon.in/Sis-Quantum-QHM232D-Mouse-Black/dp/B096NTD2N4/ref=sr_1_161?dchild=1&keywords=wired+mouse&qid=1627296403&sr=8-161
"Jemei 300 Wired USB Mouse, GX30M39704",₹319,,https://www.amazon.in/Jemei-300-Wired-Mouse-GX30M39704/dp/B08Q7JMT99/ref=sr_1_162?dchild=1&keywords=wired+mouse&qid=1627296403&sr=8-162
Tchworld Computers Service Terabyte Optical Mouse tb-36B,₹195,,https://www.amazon.in/Tchworld-Computers-Service-Terabyte-Optical/dp/B0983XLWHN/ref=sr_1_163?dchild=1&keywords=wired+mouse&qid=1627296403&sr=8-163
"BOKA® USB 2.0 Wired Optical Mouse 2000 DPI for Laptop,Computer,PC etc.- (Black with Red Light)",₹299,3.5 out of 5 stars,https://www.amazon.in/BOKA%C2%AE-Wired-Optical-Laptop-Computer/dp/B085W876L9/ref=sr_1_164?dchild=1&keywords=wired+mouse&qid=1627296403&sr=8-164
LANH TERABYTE Vintage TB 36B Optical Mouse UAE with PC Laptop,₹198,3.0 out of 5 stars,https://www.amazon.in/gp/slredirect/picassoRedirect.html/ref=pa_sp_btf_aps_sr_pg10_1?ie=UTF8&adId=A07900512VVRF2ZJHDVA&url=%2FLANH-TERABYTE-Vintage-Optical-Laptop%2Fdp%2FB08GKTXL6V%2Fref%3Dsr_1_165_sspa%3Fdchild%3D1%26keywords%3Dwired%2Bmouse%26qid%3D1627296403%26sr%3D8-165-spons%26psc%3D1&qualifier=1627296403&id=397383400772947&widgetName=sp_btf
Lapcare L-70 Plus 1200 DPI USB Optical Wired Mouse (Black),₹235,3.7 out of 5 stars,https://www.amazon.in/gp/slredirect/picassoRedirect.html/ref=pa_sp_btf_aps_sr_pg10_1?ie=UTF8&adId=A0363146839U3EFM6EM6&url=%2FLapcare-L70-USB-Optical-Mouse%2Fdp%2FB07NNSD6QM%2Fref%3Dsr_1_166_sspa%3Fdchild%3D1%26keywords%3Dwired%2Bmouse%26qid%3D1627296403%26sr%3D8-166-spons%26psc%3D1%26smid%3DAJRK4JF48YXA&qualifier=1627296403&id=397383400772947&widgetName=sp_btf
"Coconut WM18 Elite Wireless Mouse 2.4Ghz Connectivity Upto 1200 DPI with Ergonomic Design, Nano USB Receiver with 3 Keys for Windows Laptop, Computer, Notebook 6-10M Wireless Range - Grey",₹499,4.2 out of 5 stars,https://www.amazon.in/gp/slredirect/picassoRedirect.html/ref=pa_sp_atf_next_aps_sr_pg11_1?ie=UTF8&adId=A10461102OLKUTKA882UF&url=%2FCoconut-Wireless-Connectivity-Ergonomic-Receiver%2Fdp%2FB096P7JWK8%2Fref%3Dsr_1_161_sspa%3Fdchild%3D1%26keywords%3Dwired%2Bmouse%26qid%3D1627296405%26sr%3D8-161-spons%26psc%3D1&qualifier=1627296405&id=8355244201628502&widgetName=sp_atf_next
"Logitech M331 Silent Plus Wireless Mouse, 2.4GHz with USB Nano Receiver, 1000 DPI Optical Tracking, 3 Buttons, 24 Month Life Battery, PC/Mac/Laptop - Blue","₹1,099",4.6 out of 5 stars,https://www.amazon.in/gp/slredirect/picassoRedirect.html/ref=pa_sp_atf_next_aps_sr_pg11_1?ie=UTF8&adId=A08756622AXNB0GWNM5F2&url=%2FLogitech-M331-Silent-Wireless-Mouse%2Fdp%2FB01M5H4B4N%2Fref%3Dsr_1_162_sspa%3Fdchild%3D1%26keywords%3Dwired%2Bmouse%26qid%3D1627296405%26sr%3D8-162-spons%26psc%3D1&qualifier=1627296405&id=8355244201628502&widgetName=sp_atf_next
"SHAPING HUB® Optical Wired USB Mouse Receiver for Laptop, Computer and Other Devices - (Black)",₹180,5.0 out of 5 stars,https://www.amazon.in/SHAPING-Optical-Receiver-Computer-Devices/dp/B08HQZ29RJ/ref=sr_1_163?dchild=1&keywords=wired+mouse&qid=1627296405&sr=8-163
"BKN® USB 2.0 Wired Optical Mouse 2000 DPI for Laptop,Computer,PC etc.- (Black with Red Light)",₹337,3.2 out of 5 stars,https://www.amazon.in/Wired-Optical-Mouse-Laptop-Computer/dp/B08H9STWSW/ref=sr_1_164?dchild=1&keywords=wired+mouse&qid=1627296405&sr=8-164
HP X200 Wireless Optical Mouse Adjustable Up to 1600DPI 2.4GHz Connectivity with 3 Buttons Clickable Scroll Wheel and Plug N Play Feature (6VY95AA),₹699,4.2 out of 5 stars,https://www.amazon.in/HP-Wireless-Mouse-X200-6VY95AA/dp/B083RCTXLL/ref=sr_1_165?dchild=1&keywords=wired+mouse&qid=1627296405&smid=A14CZOWI0VEHLG&sr=8-165
Docooler Optical Vertical Mouse Ergonomic Wired Mouse USB Mice 5 Button for PC Laptop(Black),"₹1,167",4.1 out of 5 stars,https://www.amazon.in/Docooler-Optical-Vertical-Ergonomic-Button/dp/B07QQWPHQT/ref=sr_1_166?dchild=1&keywords=wired+mouse&qid=1627296405&sr=8-166
"RAPOO N200 USB Wired Mouse, Computer Mouse,1000 DPI Office and Home Mice, for Windows PC, Laptop, Desktop, Notebook(Black)",₹439,4.2 out of 5 stars,https://www.amazon.in/Computer-Office-Windows-Desktop-Notebook/dp/B08S3C16D8/ref=sr_1_167?dchild=1&keywords=wired+mouse&qid=1627296405&sr=8-167
Zeb USB Optical Wired Mouse for Laptop or Desktop,₹198,,https://www.amazon.in/Optical-Wired-Mouse-Laptop-Desktop/dp/B08X47B64Y/ref=sr_1_168?dchild=1&keywords=wired+mouse&qid=1627296405&sr=8-168
(Renewed) Logitech B175 Wireless Mouse (Black),₹499,3.9 out of 5 stars,https://www.amazon.in/Renewed-Logitech-Wireless-Mouse-Black/dp/B07LGRRJVJ/ref=sr_1_169?dchild=1&keywords=wired+mouse&qid=1627296405&sr=8-169
"Lenovo 400 Wireless Mouse, 1200DPI Optical Sensor, 2.4GHz Wireless Nano USB, 3-Button (Left,Right,Scroll) Upto 8M Left/Right & 100K Scroll clicks & 1yr Battery, Ambidextrous, Ergonomic GY50R91293",₹599,4.5 out of 5 stars,https://www.amazon.in/Lenovo-GY50R91293-Wireless-Mouse-Black/dp/B07J2NGB69/ref=sr_1_170?dchild=1&keywords=wired+mouse&qid=1627296405&sr=8-170
"Sis Quantum QHM232D USB Mouse, Black - Pack of 1",₹150,,https://www.amazon.in/gp/slredirect/picassoRedirect.html/ref=pa_sp_mtf_aps_sr_pg11_1?ie=UTF8&adId=A06114971SUXZ5TKYXFUX&url=%2FSis-Quantum-QHM232D-Mouse-Black%2Fdp%2FB096NTD2N4%2Fref%3Dsr_1_171_sspa%3Fdchild%3D1%26keywords%3Dwired%2Bmouse%26qid%3D1627296405%26sr%3D8-171-spons%26psc%3D1&qualifier=1627296405&id=8355244201628502&widgetName=sp_mtf
"Rhymestore® USB 2.0 Wired Optical Mouse 2000 DPI for Laptop,Computer,PC etc- (Black with Red Light)",₹245,5.0 out of 5 stars,https://www.amazon.in/gp/slredirect/picassoRedirect.html/ref=pa_sp_mtf_aps_sr_pg11_1?ie=UTF8&adId=A02271791CT8H3VCD2GWQ&url=%2FRhymestore%25C2%25AE-Wired-Optical-Laptop-Computer%2Fdp%2FB08TH96H5G%2Fref%3Dsr_1_172_sspa%3Fdchild%3D1%26keywords%3Dwired%2Bmouse%26qid%3D1627296405%26sr%3D8-172-spons%26psc%3D1&qualifier=1627296405&id=8355244201628502&widgetName=sp_mtf
Amkette Kwik Pro 7 Wired Optical USB Mouse with 3 Buttons - Black,₹229,3.1 out of 5 stars,https://www.amazon.in/Amkette-Wired-Optical-Mouse-Buttons/dp/B08BZL4W47/ref=sr_1_173?dchild=1&keywords=wired+mouse&qid=1627296405&sr=8-173
SMM Smacc USB LED Optical Wired Mouse or Mice for Desktop PC (Black),₹210,4.2 out of 5 stars,https://www.amazon.in/SMM-Smacc-Optical-Wired-Desktop/dp/B085XCW8L7/ref=sr_1_174?dchild=1&keywords=wired+mouse&qid=1627296405&sr=8-174
terabyte wired usb optical mouse,₹159,3.8 out of 5 stars,https://www.amazon.in/terabyte-wired-usb-optical-mouse/dp/B07CBDC5HT/ref=sr_1_175?dchild=1&keywords=wired+mouse&qid=1627296405&sr=8-175
QHM232 Wired Optical Mouse,₹339,,https://www.amazon.in/Quantum-QHM232-Wired-Optical-Mouse/dp/B08ZY7SQQS/ref=sr_1_176?dchild=1&keywords=wired+mouse&qid=1627296405&sr=8-176
GLink GLM-69 3-Button 1000DPI Wired Optical Mouse (Black) Under Rs 200/- by Grace18,₹140,,https://www.amazon.in/GLM-69-3-Button-1000DPI-Optical-Grace18/dp/B08C24QFQX/ref=sr_1_177?dchild=1&keywords=wired+mouse&qid=1627296405&sr=8-177
APLT 3D Optical EB-36B Wired Mouse (Multicolour),₹155,,https://www.amazon.in/APLT-Optical-EB-36B-Wired-Multicolour/dp/B08RDHHHD2/ref=sr_1_178?dchild=1&keywords=wired+mouse&qid=1627296405&sr=8-178
Zeb-Alex is a Wired USB Optical Mouse with Advanced Optical Sensor Technology,₹146,2.9 out of 5 stars,https://www.amazon.in/Zeb-Alex-Optical-Advanced-Sensor-Technology/dp/B08HG9W49Y/ref=sr_1_179?dchild=1&keywords=wired+mouse&qid=1627296405&sr=8-179
Dell MS3220 3200DPI Lightweight Ambidextrous Wired Laser Mouse with 2 Programmable Buttons (Titan Grey),"₹1,299",4.0 out of 5 stars,https://www.amazon.in/Dell-3200DPI-Lightweight-Ambidextrous-Programmable/dp/B08524Y49K/ref=sr_1_180?dchild=1&keywords=wired+mouse&qid=1627296405&sr=8-180
"iBELL 2.4G Motion Sensor Air Mouse for Smart TV|Android Box|Mini PC|Laptop|Projector with Voice Function [Android, Windows, Mac OS, Linux] 15.7cm x 4cm,Black",₹899,3.5 out of 5 stars,https://www.amazon.in/gp/slredirect/picassoRedirect.html/ref=pa_sp_btf_aps_sr_pg11_1?ie=UTF8&adId=A086124111G4RXQI7OV2A&url=%2FiBELL-Android-Projector-Function-Windows%2Fdp%2FB08WXBWP9V%2Fref%3Dsr_1_181_sspa%3Fdchild%3D1%26keywords%3Dwired%2Bmouse%26qid%3D1627296405%26sr%3D8-181-spons%26psc%3D1&qualifier=1627296405&id=8355244201628502&widgetName=sp_btf
"InfiZone™ Ergonomic Wireless Rechargeable Mouse with 4 Durable Keys and DPI Upto 1600 (Black, 200 hrs Battery Life)",₹779,2.6 out of 5 stars,https://www.amazon.in/gp/slredirect/picassoRedirect.html/ref=pa_sp_btf_aps_sr_pg11_1?ie=UTF8&adId=A04471741S8W17R6B5QMM&url=%2FInfiZoneTM-Ergonomic-Wireless-Rechargeable-Durable%2Fdp%2FB08KHRC9TR%2Fref%3Dsr_1_182_sspa%3Fdchild%3D1%26keywords%3Dwired%2Bmouse%26qid%3D1627296405%26sr%3D8-182-spons%26psc%3D1&qualifier=1627296405&id=8355244201628502&widgetName=sp_btf
"Storite 5 Pack Wired Optical Mouse, 3-Button Ergonomic Computer Mice for Right or Left Hand, Corded USB Mouse for PC, Computer, Laptop, Desktop, Chromebook, Notebook, Mac (Black)",₹999,3.2 out of 5 stars,https://www.amazon.in/gp/slredirect/picassoRedirect.html/ref=pa_sp_atf_next_aps_sr_pg12_1?ie=UTF8&adId=A02459811K2GRUDQ7NDM1&url=%2FStorite-Wired-Optical-Mouse-Chromebook%2Fdp%2FB0924KBVXX%2Fref%3Dsr_1_177_sspa%3Fdchild%3D1%26keywords%3Dwired%2Bmouse%26qid%3D1627296407%26sr%3D8-177-spons%26psc%3D1&qualifier=1627296407&id=716914815928545&widgetName=sp_atf_next
"Logitech M190 Wireless Mouse , Full Size Ambidextrous Curve Design, 18-Month Battery with Power Saving Mode, USB Receiver, Precise Cursor Control + Scrolling, Wide Scroll Wheel, Scooped Buttons -Red",₹799,4.3 out of 5 stars,https://www.amazon.in/gp/slredirect/picassoRedirect.html/ref=pa_sp_atf_next_aps_sr_pg12_1?ie=UTF8&adId=A017408914TCBQ5OT94R9&url=%2FLogitech-Wireless-Ambidextrous-18-Month-Scrolling%2Fdp%2FB08FJ94HH1%2Fref%3Dsr_1_178_sspa%3Fdchild%3D1%26keywords%3Dwired%2Bmouse%26qid%3D1627296407%26sr%3D8-178-spons%26psc%3D1&qualifier=1627296407&id=716914815928545&widgetName=sp_atf_next
AmazonBasics Ergonomic Wireless Mouse - DPI Adjustable - Black,₹899,3.6 out of 5 stars,https://www.amazon.in/AmazonBasics-Ergonomic-Wireless-Mouse-Adjustable/dp/B0787D6SGQ/ref=sr_1_179?dchild=1&keywords=wired+mouse&qid=1627296407&smid=AT95IG9ONZD7S&sr=8-179
Docooler Optical Vertical Mouse Ergonomic Wired Mouse USB Mice 5 Button for PC Laptop(Black),"₹1,167",5.0 out of 5 stars,https://www.amazon.in/Docooler-Optical-Vertical-Ergonomic-Button/dp/B07QTP7SG5/ref=sr_1_180?dchild=1&keywords=wired+mouse&qid=1627296407&sr=8-180
Saiadi Enterprises Wired USB Optical Mouse with 3 Buttons,₹179,3.4 out of 5 stars,https://www.amazon.in/Saiadi-Enterprises-Wired-Optical-Buttons/dp/B091Q571DL/ref=sr_1_181?dchild=1&keywords=wired+mouse&qid=1627296407&sr=8-181
USB Wired Optical Mouse,₹275,,https://www.amazon.in/Generic-USB-Wired-Optical-Mouse/dp/B093BYJRB5/ref=sr_1_182?dchild=1&keywords=wired+mouse&qid=1627296407&sr=8-182
"Logitech M331 Silent Plus Wireless Mouse, 2.4GHz with USB Nano Receiver, 1000 DPI Optical Tracking, 3 Buttons, 24 Month Life Battery, PC/Mac/Laptop - Red","₹1,099",4.6 out of 5 stars,https://www.amazon.in/Logitech-M331-Silent-Wireless-Mouse/dp/B01MCZFGPK/ref=sr_1_184?dchild=1&keywords=wired+mouse&qid=1627296407&sr=8-184
Abaris Ranz Wired Optical Mouse with USB Interface (Black),₹369,,https://www.amazon.in/Abaris-Wired-Optical-Mouse-Interface/dp/B098WQQM3Q/ref=sr_1_186?dchild=1&keywords=wired+mouse&qid=1627296407&sr=8-186
SellZone Replacement Keyboard for Dell 0H5639,"₹1,994",,https://www.amazon.in/gp/slredirect/picassoRedirect.html/ref=pa_sp_mtf_aps_sr_pg12_1?ie=UTF8&adId=A05149723LPNSBTQ0NRVW&url=%2FSellZone-Keyboard-for-Dell-0H5639%2Fdp%2FB081ST6TTL%2Fref%3Dsr_1_187_sspa%3Fdchild%3D1%26keywords%3Dwired%2Bmouse%26qid%3D1627296407%26sr%3D8-187-spons%26psc%3D1&qualifier=1627296407&id=716914815928545&widgetName=sp_mtf
"[Hardware Update] Perixx PERIMICE-513N, Wired Ergonomic Vertical Mouse - 1000/1500/2000 DPI - Natural Ergonomic Vertical Design - Recommended with RSI User","₹3,053",4.5 out of 5 stars,https://www.amazon.in/Hardware-Perixx-PERIMICE-513N-Ergonomic-Vertical/dp/B00GZIA2AE/ref=sr_1_188?dchild=1&keywords=wired+mouse&qid=1627296407&sr=8-188
"World Shopper Wired USB Mouse, 3-Button 1000DPI Wired Optical Mouse PC/Mac/Laptop (Black)",₹279,,https://www.amazon.in/Shopper-3-Button-1000DPI-Optical-Laptop/dp/B094XRYSPT/ref=sr_1_189?dchild=1&keywords=wired+mouse&qid=1627296407&sr=8-189
Big Shoppe Store Turtle Shape USB Wired Mouse Optical Mice for PC Laptop Computer Green,₹717,,https://www.amazon.in/Shoppe-Turtle-Optical-Laptop-Computer/dp/B095HWK73D/ref=sr_1_190?dchild=1&keywords=wired+mouse&qid=1627296407&sr=8-190
iBall X9 Mini Mice Uniretractable (Red),₹350,4.4 out of 5 stars,https://www.amazon.in/iBall-X9-Mini-Mice-Uniretractable/dp/B00FNEOL5S/ref=sr_1_191?dchild=1&keywords=wired+mouse&qid=1627296407&sr=8-191
"Zebronics Zeb-DLM10 USB Wired Mouse, 4 Buttons, Up to 1200DPI Optical Sensor, Gold Plated USB Connector",₹333,4.0 out of 5 stars,https://www.amazon.in/Zebronics-ZEB-DLM10-Optical-Premmium-Quality/dp/B07RR13TD8/ref=sr_1_192?dchild=1&keywords=wired+mouse&qid=1627296407&sr=8-192
Astrum MU110 3B Wired Large Optical USB Mouse - Grey,₹299,,https://www.amazon.in/Astrum-MU110-Wired-Large-Optical/dp/B071JRRCJK/ref=sr_1_193?dchild=1&keywords=wired+mouse&qid=1627296407&sr=8-193
Techworld Computers Service Terabyte Optical Mouse TB-36B,₹195,,https://www.amazon.in/Techworld-Computers-Service-Terabyte-Optical/dp/B0983TDHPJ/ref=sr_1_194?dchild=1&keywords=wired+mouse&qid=1627296407&sr=8-194
"Terabyte 3D Optical Wired Mouse for Laptop, Computer & Desktop (Black)",₹158,3.7 out of 5 stars,https://www.amazon.in/Terabyte-Optical-Wired-Mouse-Black/dp/B01CCEU05Q/ref=sr_1_193?dchild=1&keywords=wired+mouse&qid=1627296409&sr=8-193
Techbloggers Zeb-Power Wired Optical Mouse with USB Interface (Black),₹225,,https://www.amazon.in/Techbloggers-Zeb-Power-Wired-Optical-Interface/dp/B091Q5J68Q/ref=sr_1_194?dchild=1&keywords=wired+mouse&qid=1627296409&sr=8-194
"Philips 3-Button USB Mouse for Laptop, PC or Mac OS | Optical Wired Mouse, Adjustable DPI | Quiet & Accurate with Quick-Scroll | Ambidextrous Design for Home or Office (SPK7214)",₹399,4.2 out of 5 stars,https://www.amazon.in/3-Button-Adjustable-Quick-Scroll-Ambidextrous-SPK7214/dp/B07R71PMZ5/ref=sr_1_195?dchild=1&keywords=wired+mouse&qid=1627296409&sr=8-195
"MS 116 3 Years Wired Optical Mouse (USB 3.0, Black) Wired Optical Mouse",₹399,,https://www.amazon.in/Years-Wired-Optical-Mouse-Black/dp/B099F3C8NY/ref=sr_1_196?dchild=1&keywords=wired+mouse&qid=1627296409&sr=8-196
BeeKonnect MS351 Wired Optical Mouse-Black,₹199,3.0 out of 5 stars,https://www.amazon.in/BeeKonnect-MS351-Wired-Optical-Mouse-Black/dp/B018GCAM1K/ref=sr_1_197?dchild=1&keywords=wired+mouse&qid=1627296409&sr=8-197
Lapcare L70 Plus USB 3D Wired Optical Mouse Black,₹240,3.2 out of 5 stars,https://www.amazon.in/Lapcare-Wired-Optical-Mouse-Black/dp/B083CQ32G2/ref=sr_1_198?dchild=1&keywords=wired+mouse&qid=1627296409&sr=8-198
Terabyte Vintage Optical Computer Mouse - Mouse for Computer and Laptop - Wired Mouse (Black),₹199,5.0 out of 5 stars,https://www.amazon.in/Terabyte-Vintage-Optical-Computer-Mouse/dp/B091879HPQ/ref=sr_1_199?dchild=1&keywords=wired+mouse&qid=1627296409&sr=8-199
Dell MS116 USB Mouse,₹379,4.6 out of 5 stars,https://www.amazon.in/Dell-MS116-USB-Mouse/dp/B074PRCGYX/ref=sr_1_200?dchild=1&keywords=wired+mouse&qid=1627296409&sr=8-200
VMS India Ultra Thin Slim USB Optical Wired Mouse for PC Laptop Windows MacBook-Pink,₹645,,https://www.amazon.in/India-Optical-Laptop-Windows-MacBook-Pink/dp/B097LL6BYB/ref=sr_1_201?dchild=1&keywords=wired+mouse&qid=1627296409&sr=8-201
Docooler Optical Vertical Mouse Ergonomic Wired Mouse USB Mice 5 Button for PC Laptop(Black),"₹1,236",5.0 out of 5 stars,https://www.amazon.in/Docooler-Optical-Vertical-Ergonomic-Button/dp/B07QSXQCXK/ref=sr_1_202?dchild=1&keywords=wired+mouse&qid=1627296409&sr=8-202
"Mistique® USB 2.0 Wired Optical Mouse 2000 DPI for Laptop,Computer,PC etc.- Black with Red Light",₹145,,https://www.amazon.in/Mistique%C2%AE-Wired-Optical-Laptop-Computer/dp/B08TT1DZ42/ref=sr_1_203?dchild=1&keywords=wired+mouse&qid=1627296409&sr=8-203
Black Wired Plug & Play USB Optical Mouse,₹225,,https://www.amazon.in/Black-Wired-Plug-Optical-Mouse/dp/B099FLB243/ref=sr_1_204?dchild=1&keywords=wired+mouse&qid=1627296409&sr=8-204
BOSSTECH - 3-Button 1000DPI Wired Optical USB Mouse for LAPTOPS and DESKTOPS,₹349,,https://www.amazon.in/BOSSTECH-3-Button-1000DPI-Optical-DESKTOPS/dp/B08TTKH8PB/ref=sr_1_205?dchild=1&keywords=wired+mouse&qid=1627296409&sr=8-205
"elevn ergo11s 2.4GHz Premium Silent Wireless Optical Mouse for Laptop, Desktop, PC, MacBook – Grey, Black",₹773,4.5 out of 5 stars,https://www.amazon.in/elevn-ergo11s-Premium-Wireless-Optical/dp/B08QW9QT85/ref=sr_1_206?dchild=1&keywords=wired+mouse&qid=1627296409&smid=A14CZOWI0VEHLG&sr=8-206
MUTEBOX Wired Mouse X1500 Optical USB Wired Mouse (Black),₹249,5.0 out of 5 stars,https://www.amazon.in/MUTEBOX-Wired-Mouse-X1500-Optical/dp/B07ZKJ2LJH/ref=sr_1_207?dchild=1&keywords=wired+mouse&qid=1627296409&sr=8-207
AJ100 Wired Mouse 6 Keys A98001600/3200/6000/8200 DPI Custom Breathing 16-Million LED Professional Game Mouse Home Office,"₹6,446",,https://www.amazon.in/A98001600-Custom-Breathing-16-Million-Professional/dp/B08PFBL527/ref=sr_1_208?dchild=1&keywords=wired+mouse&qid=1627296409&sr=8-208
Dell Wireless Mouse-WM126,₹899,4.2 out of 5 stars,https://www.amazon.in/Dell-091F089-Wireless-Mouse-WM126/dp/B01ALB3BW6/ref=sr_1_209?dchild=1&keywords=wired+mouse&qid=1627296410&sr=8-209
"Store Universal 3D Optical Wired Mouse for Laptop, Computer & Desktop (Black) Visit The Terabyte Store",₹390,,https://www.amazon.in/Universal-Optical-Computer-Desktop-Terabyte/dp/B0969PLZ9K/ref=sr_1_210?dchild=1&keywords=wired+mouse&qid=1627296410&sr=8-210
"Wired Mouse, Pink Mouse Non‑Slip Smoother for Home for Computer(v18 Color Hole Mouse Pink)","₹1,309",,https://www.amazon.in/Wired-Mouse-Non%E2%80%91Slip-Smoother-Computer/dp/B0928474GJ/ref=sr_1_211?dchild=1&keywords=wired+mouse&qid=1627296410&sr=8-211
Techworld Computers Service Terabyte Optical Mouse Tb-36B,₹195,,https://www.amazon.in/Techworld-Computers-Service-Terabyte-Optical/dp/B0983SPKBW/ref=sr_1_213?dchild=1&keywords=wired+mouse&qid=1627296410&sr=8-213
Docooler Optical Vertical Mouse Ergonomic Wired Mouse USB Mice 5 Button for PC Laptop(Black),"₹1,236",5.0 out of 5 stars,https://www.amazon.in/Docooler-Optical-Vertical-Ergonomic-Button/dp/B07QSXQCXK/ref=sr_1_214?dchild=1&keywords=wired+mouse&qid=1627296410&sr=8-214
"Ind-Mela Wired Optical Mouse (Black, Pack of 1)",₹150,,https://www.amazon.in/Ind-Mela-Wired-Optical-Mouse-Black/dp/B08RY4QXNB/ref=sr_1_215?dchild=1&keywords=wired+mouse&qid=1627296410&sr=8-215
EPLUGIT Wired USB Mouse MS103,₹425,,https://www.amazon.in/EPLUGIT-Wired-USB-Mouse-MS103/dp/B08HHXLF3G/ref=sr_1_216?dchild=1&keywords=wired+mouse&qid=1627296410&sr=8-216
Web Tech Wired Optical Mouse with USB Interface (Black),₹190,,https://www.amazon.in/Wired-Optical-Mouse-Interface-Black/dp/B092Q1W4RK/ref=sr_1_218?dchild=1&keywords=wired+mouse&qid=1627296410&sr=8-218
Riversong Click GT GM02C Wired Optical Mouse/Black,₹899,5.0 out of 5 stars,https://www.amazon.in/Riversong-Click-GT-GM02C-Optical/dp/B08DFYZPGP/ref=sr_1_219?dchild=1&keywords=wired+mouse&qid=1627296410&sr=8-219
"Logitech M185 Wireless Mouse USB for PC Windows, Mac and Linux, Grey with Ambidextrous Design-Black",₹849,4.3 out of 5 stars,https://www.amazon.in/Logitech-910-002225-M185-Wireless-Mouse/dp/B00552K0GM/ref=sr_1_222?dchild=1&keywords=wired+mouse&qid=1627296410&sr=8-222
Terabyte 3D Optical Wired USB Mouse (Balck Color),₹160,3.2 out of 5 stars,https://www.amazon.in/Terabyte-Optical-Wired-Mouse-Balck/dp/B07HXN6QYY/ref=sr_1_223?dchild=1&keywords=wired+mouse&qid=1627296410&sr=8-223
"Rhymestore® USB 2.0 Wired Optical Mouse 2000 DPI for Laptop,Computer,PC etc.- Black with Red Light",₹245,1.0 out of 5 stars,https://www.amazon.in/Rhymestore%C2%AE-Wired-Optical-Laptop-Computer/dp/B08TH2W4M6/ref=sr_1_225?dchild=1&keywords=wired+mouse&qid=1627296413&sr=8-225
HP X500 Wired USB Optical Mouse with 3 Buttons Clickable Scroll Wheel and Plug N Play Feature (E5C12AA),₹469,4.0 out of 5 stars,https://www.amazon.in/HP-2TX37AA-Essential-Wired-Mouse/dp/B078H81LLM/ref=sr_1_226?dchild=1&keywords=wired+mouse&qid=1627296413&sr=8-226
"Vertical Optical Mouse, Professional 3‑Level DPI Right Hand Vertical Mouse for Office for Game(Wired Black)","₹1,179",,https://www.amazon.in/Vertical-Optical-Professional-3%E2%80%91Level-Office/dp/B0958RP396/ref=sr_1_227?dchild=1&keywords=wired+mouse&qid=1627296413&sr=8-227
"Vertical Optical Mouse, 6 Keys Professional Durable Intelligent Power Saving Right Hand Vertical Mouse for Office for Game(Wired Black)","₹1,629",,https://www.amazon.in/Vertical-Optical-Professional-Durable-Intelligent/dp/B09B2XY2GX/ref=sr_1_228?dchild=1&keywords=wired+mouse&qid=1627296413&sr=8-228
QHM222 3-Button 1000DPI Wired Optical Mouse (Black),₹289,,https://www.amazon.in/QHM222-3-Button-1000DPI-Wired-Optical/dp/B091NS658X/ref=sr_1_229?dchild=1&keywords=wired+mouse&qid=1627296413&sr=8-229
Foxin Wireless Optical Wheel Mouse with Nano Receiver FWM-9099 (Elite Blue),₹360,3.7 out of 5 stars,https://www.amazon.in/Foxin-Wireless-Optical-Receiver-FWM-9099/dp/B08GZGYJS2/ref=sr_1_230?dchild=1&keywords=wired+mouse&qid=1627296413&sr=8-230
Docooler Optical Vertical Mouse Ergonomic Wired Mouse USB Mice 5 Button for PC Laptop(Black),"₹1,164",,https://www.amazon.in/Docooler-Optical-Vertical-Ergonomic-Button/dp/B07QQWQ99J/ref=sr_1_231?dchild=1&keywords=wired+mouse&qid=1627296413&sr=8-231
Shop swiper MS116 1000DPI USB Optical Wired Optical Mouse for Laptop Computer,₹570,,https://www.amazon.in/Shop-swiper-1000DPI-Optical-Computer/dp/B08XQP5B7K/ref=sr_1_232?dchild=1&keywords=wired+mouse&qid=1627296413&sr=8-232
GTECH Optical USB Wired Mouse Matt Black Stylish Mouse,₹199,,https://www.amazon.in/GTECH-Optical-Wired-Mouse-Stylish/dp/B08XK6WYDY/ref=sr_1_233?dchild=1&keywords=wired+mouse&qid=1627296413&sr=8-233
Webtech Wired Optical Mouse with USB Interface (Black),₹200,,https://www.amazon.in/Webtech-Wired-Optical-Mouse-Interface/dp/B0963Q38BS/ref=sr_1_235?dchild=1&keywords=wired+mouse&qid=1627296413&sr=8-235
RJ Techbloggers Wired Optical Mouse with USB Interface (Black),₹235,,https://www.amazon.in/Techbloggers-Wired-Optical-Mouse-Interface/dp/B093ZQT645/ref=sr_1_236?dchild=1&keywords=wired+mouse&qid=1627296413&sr=8-236
Master Quantum.. QHM222 3-Button 400/8001000DPI Wired Optical Mouse with USB Interface (Black) Pack of (2),₹449,,https://www.amazon.in/Quantum-3-Button-8001000DPI-Optical-Interface/dp/B09838VRQH/ref=sr_1_238?dchild=1&keywords=wired+mouse&qid=1627296413&sr=8-238
Optical Vertical Mouse Ergonomic Wired Mouse USB Mice 5 Button for PC Laptop(Purple),"₹1,201",,https://www.amazon.in/Optical-Vertical-Ergonomic-Button-Laptop/dp/B08NFV7RJ6/ref=sr_1_240?dchild=1&keywords=wired+mouse&qid=1627296413&sr=8-240
Optical Vertical Mouse Ergonomic Wired Mouse USB Mice 5 Button for PC Laptop(Purple),"₹1,201",,https://www.amazon.in/Optical-Vertical-Ergonomic-Button-Laptop/dp/B08NFV7RJ6/ref=sr_1_241?dchild=1&keywords=wired+mouse&qid=1627296415&sr=8-241
Lapcare L70 Plus USB 3D Optical Mouse for All Laptops and Desktops,₹239,4.1 out of 5 stars,https://www.amazon.in/Lapcare-L70-Optical-Laptops-Desktops/dp/B07NCLGK2D/ref=sr_1_244?dchild=1&keywords=wired+mouse&qid=1627296415&sr=8-244
iBall FreeGo G20 Wireless Optical Mouse (Black),₹444,4.0 out of 5 stars,https://www.amazon.in/iBall-FreeGo-G20-Wireless-Optical/dp/B07TGKJR4X/ref=sr_1_246?dchild=1&keywords=wired+mouse&qid=1627296415&sr=8-246
Street27 1xCute Wired Game Mouse Strawberry Optical USB Ergonomic Mice for Computers,"₹1,015",,https://www.amazon.in/Street27-Strawberry-Optical-Ergonomic-Computers/dp/B091JB8YK6/ref=sr_1_247?dchild=1&keywords=wired+mouse&qid=1627296415&sr=8-247
Ramnad's Wired Optical USB Mouse/Mice (with 1000 DPI) for Your Desktop & Laptop (Home & Office Use) REWUSBM005,₹210,,https://www.amazon.in/Ramnads-Optical-Mouse-Mice-REWUSBM005/dp/B08RBCYSV2/ref=sr_1_249?dchild=1&keywords=wired+mouse&qid=1627296415&sr=8-249
Infotech Quantum QHM232 3-Button 1000DPI Wired Optical Mouse (Black),₹289,,https://www.amazon.in/Infotech-Quantum-3-Button-1000DPI-Optical/dp/B08L1R1LKR/ref=sr_1_250?dchild=1&keywords=wired+mouse&qid=1627296415&sr=8-250
Zebronics. USB Wired Optical Mouse (Black),₹169,3.3 out of 5 stars,https://www.amazon.in/Zebronics-Wired-Optical-Mouse-Black/dp/B079QKMZQJ/ref=sr_1_253?dchild=1&keywords=wired+mouse&qid=1627296415&sr=8-253
(Renewed) Dell MS116 USB Optical Mouse (Black),₹299,3.5 out of 5 stars,https://www.amazon.in/Renewed-Dell-MS116-Optical-Mouse/dp/B0868BL85V/ref=sr_1_254?dchild=1&keywords=wired+mouse&qid=1627296415&sr=8-254
R.K Sons 3D Optical Wired Mouse (Black),₹149,,https://www.amazon.in/Sons-Optical-Wired-Mouse-Black/dp/B0927HHT8S/ref=sr_1_255?dchild=1&keywords=wired+mouse&qid=1627296415&sr=8-255
1200 DPI Optical USB Wired Mouse-Computer Accessories/Computer Parts (Black),₹450,,https://www.amazon.in/Optical-Wired-Mouse-Computer-Accessories-Computer/dp/B099RRK4B2/ref=sr_1_257?dchild=1&keywords=wired+mouse&qid=1627296417&sr=8-257
"iBall Free Go G50 Feather-Light Wireless Optical Mouse with Wide Compatibility, Black",₹550,4.1 out of 5 stars,https://www.amazon.in/iBall-G50-Feather-Light-Wireless-Compatibility/dp/B07TM5ZVVF/ref=sr_1_258?dchild=1&keywords=wired+mouse&qid=1627296417&sr=8-258
"Corded Vertical Mouse,6 Keys Wired Ergonomic Right Hand Optical Mouse with 800/1200/1600 3‑Level DPI,Plug and Play,for Windows 2000/Win XP/Win 7/Win Vista/Win 98(Wired Black)","₹1,329",,https://www.amazon.in/Vertical-Ergonomic-Optical-3%E2%80%91Level-Windows/dp/B096NR1WTJ/ref=sr_1_259?dchild=1&keywords=wired+mouse&qid=1627296417&sr=8-259
USB Wired 3-Button Optical Mouse,₹195,,https://www.amazon.in/USB-Wired-3-Button-Optical-Mouse/dp/B08X6LVBKM/ref=sr_1_260?dchild=1&keywords=wired+mouse&qid=1627296417&sr=8-260
UPV Sales Enter USB Optical 800dpi Wired Wheel Mouse E-108BU,₹190,3.2 out of 5 stars,https://www.amazon.in/Enter-E-108BU-USB-Optical-Mouse/dp/B07PWQ4XS1/ref=sr_1_261?dchild=1&keywords=wired+mouse&qid=1627296417&sr=8-261
3-Button USB Optical Wired Mouse with 1.1M Cord Compatible with Windows 7/8/10/XP MacOS,₹680,,https://www.amazon.in/3-Button-Optical-Wired-Compatible-Windows/dp/B08PFCV649/ref=sr_1_262?dchild=1&keywords=wired+mouse&qid=1627296417&sr=8-262
Riversong Click XP GM01C Wired Optical Mouse/Black,₹499,,https://www.amazon.in/Riversong-Click-GM01C-Wired-Optical/dp/B08C5LGY13/ref=sr_1_263?dchild=1&keywords=wired+mouse&qid=1627296417&sr=8-263
Ramnad's Wired Optical USB Mouse/Mice (with 1000 DPI) for Your Desktop & Laptop (Home & Office Use) REWUSBM009,₹210,,https://www.amazon.in/Ramnads-Optical-Mouse-Mice-REWUSBM009/dp/B08RBB8BCF/ref=sr_1_264?dchild=1&keywords=wired+mouse&qid=1627296417&sr=8-264
AmazonBasics Full-Size Ergonomic Wireless Mouse with Fast Scrolling,"₹1,739",3.9 out of 5 stars,https://www.amazon.in/AmazonBasics-Full-Size-Ergonomic-Wireless-Scrolling/dp/B078HFRNSP/ref=sr_1_265?dchild=1&keywords=wired+mouse&qid=1627296417&smid=AT95IG9ONZD7S&sr=8-265
Sasta Bazar USB Optical Mouse for Computer/Laptop (Wired),₹249,4.1 out of 5 stars,https://www.amazon.in/Sasta-Bazar-Optical-Computer-Laptop/dp/B07MFJZ4RT/ref=sr_1_268?dchild=1&keywords=wired+mouse&qid=1627296417&sr=8-268
"Vertical Optical Mouse, 6 Keys 6D Ergonmic Mouse Practical Professional 3‑Level DPI for Game for Office(Wired Black)","₹1,299",,https://www.amazon.in/Vertical-Optical-Ergonmic-Practical-Professional/dp/B096NRDFN2/ref=sr_1_269?dchild=1&keywords=wired+mouse&qid=1627296417&sr=8-269
Master Quantum.. QHM232 3-Button 1000DPI Wired Optical Mouse (Black),₹249,,https://www.amazon.in/Master-Quantum-3-Button-1000DPI-Optical/dp/B098368G6Z/ref=sr_1_270?dchild=1&keywords=wired+mouse&qid=1627296417&sr=8-270
"Vertical Optical Mouse, Professional Intelligent Power Saving Practical Right Hand Vertical Mouse for Game for Office(Wired Black)","₹1,439",,https://www.amazon.in/Vertical-Optical-Professional-Intelligent-Practical/dp/B098Q2PCR2/ref=sr_1_273?dchild=1&keywords=wired+mouse&qid=1627296419&sr=8-273
Anself Vertical Mouse USB Ergonomic Optical Mouse High Precision Adjustable 800/1200 / 2000/3200 DPI 5 Buttons Wired for Mac Laptop PC,"₹1,663",,https://www.amazon.in/Anself-Vertical-Ergonomic-Precision-Adjustable/dp/B07S76D97L/ref=sr_1_274?dchild=1&keywords=wired+mouse&qid=1627296419&sr=8-274
ANKGLEAS TB-36B Terabyte 3D Optical wired USB Mouse (Black),₹249,3.2 out of 5 stars,https://www.amazon.in/ANKGLEAS-TB-36B-Terabyte-Optical-wired/dp/B01C7PMPA8/ref=sr_1_275?dchild=1&keywords=wired+mouse&qid=1627296419&sr=8-275
"HP Wireless Bluetooth Mouse 250 for PCs and Laptops, Adjustable DPI, Security Encryption, High-Resolution Optical Sensor, and Ergonomic Comfort, Black (6CR73AA)",₹849,4.2 out of 5 stars,https://www.amazon.in/HP-250-Bluetooth-Mouse-6CR73AA/dp/B084XM5N9W/ref=sr_1_277?dchild=1&keywords=wired+mouse&qid=1627296419&sr=8-277
"Coolerplus FC112 USB Optical Wired Computer Mouse with Easy Click for Office and Home, 1000DPI, Premium and Portable,Compatible with Windows PC, Laptop, Desktop, Notebook (Mint Green)","₹3,999",4.7 out of 5 stars,https://www.amazon.in/Coolerplus-Computer-Portable-Compatible-Notebook/dp/B08HQWC9MV/ref=sr_1_278?dchild=1&keywords=wired+mouse&qid=1627296419&sr=8-278
Lapcare Wired Optical Mouse L-90,₹285,1.0 out of 5 stars,https://www.amazon.in/Lapcare-Wired-Optical-Mouse-L-90/dp/B00S2GUMTS/ref=sr_1_279?dchild=1&keywords=wired+mouse&qid=1627296419&sr=8-279
"Logitech M337 Wireless Mouse, Bluetooth, 1000 DPI Laser Grade Optical Sensor, 10-Month Battery Life, PC/Mac/Laptop - Black","₹1,145",4.5 out of 5 stars,https://www.amazon.in/Logitech-M337-Bluetooth-Mouse-Black/dp/B017IW92J2/ref=sr_1_280?dchild=1&keywords=wired+mouse&qid=1627296419&sr=8-280
Ramnad's Wired Optical USB Mouse/Mice (with 1000 DPI) for Your Desktop & Laptop (Home & Office Use) REWUSBM012,₹210,,https://www.amazon.in/Ramnads-Optical-Mouse-Mice-REWUSBM012/dp/B08RBCVPR4/ref=sr_1_283?dchild=1&keywords=wired+mouse&qid=1627296419&sr=8-283
ZEBRONICS Zeb Dash Wireless Optical Mouse,₹333,3.2 out of 5 stars,https://www.amazon.in/ZEBRONICS-Dash-Wireless-Optical-Mouse/dp/B00HR36OEO/ref=sr_1_284?dchild=1&keywords=wired+mouse&qid=1627296419&sr=8-284
TECHON USB Mouse T0-B66,₹150,4.1 out of 5 stars,https://www.amazon.in/Generic-TECHON-USB-Mouse-T0-B66/dp/B08F5KVCH8/ref=sr_1_285?dchild=1&keywords=wired+mouse&qid=1627296419&sr=8-285
"VoxBot USB Wired Mouse for Laptop, PC (Black)",₹299,,https://www.amazon.in/VoxBot-Wired-Mouse-Laptop-Black/dp/B07Q2T8HL1/ref=sr_1_287?dchild=1&keywords=wired+mouse&qid=1627296419&sr=8-287
Smart Computer Presents 1000 DPI Wired Optical Mouse ( Pack of 1 ),₹899,3.0 out of 5 stars,https://www.amazon.in/Smart-Computer-Presents-Wired-Optical/dp/B08WX2VHGH/ref=sr_1_288?dchild=1&keywords=wired+mouse&qid=1627296419&sr=8-288
Smart Computer Presents 1000 DPI Wired Optical Mouse ( Pack of 1 ),₹899,3.0 out of 5 stars,https://www.amazon.in/Smart-Computer-Presents-Wired-Optical/dp/B08WX2VHGH/ref=sr_1_289?dchild=1&keywords=wired+mouse&qid=1627296421&sr=8-289
Honorall Optical Vertical Mouse Ergonomic Wired Mouse USB Mice 5 Button for PC Laptop(Purple),"₹2,259",,https://www.amazon.in/Honorall-Optical-Vertical-Ergonomic-Button/dp/B094QQLM96/ref=sr_1_290?dchild=1&keywords=wired+mouse&qid=1627296421&sr=8-290
"Heatz ZM51 Wired Plug & Play USB Mouse, High Resolution 1000 DPI Optical Sensor, 3-Button Design with clickable Scroll Wheel, Ambidextrous, Ergonomic Mouse for Comfortable All-Day Grip",₹329,,https://www.amazon.in/Heatz-ZM51-Resolution-Ambidextrous-Comfortable/dp/B087GQJJ92/ref=sr_1_291?dchild=1&keywords=wired+mouse&qid=1627296421&sr=8-291
Ddice USB Lighting Wired Mouse with 3200 DPI 6 Buttom Optical Sensor Mouse with Multicolor Lighting,₹489,,https://www.amazon.in/Lighting-Buttom-Optical-Sensor-Multicolor/dp/B09B23DKBZ/ref=sr_1_292?dchild=1&keywords=wired+mouse&qid=1627296421&sr=8-292
Wired Mouse 800DPI Optical Mini Portable Mobile Mouse with USB Port 3 Buttons for PC Laptop Desktop Fit for Left/Right Hand,₹619,,https://www.amazon.in/800DPI-Optical-Portable-Buttons-Desktop/dp/B08NBC7GMZ/ref=sr_1_294?dchild=1&keywords=wired+mouse&qid=1627296421&sr=8-294
Dell DEL Mobile W/L Mouse (Black),"₹1,449",4.5 out of 5 stars,https://www.amazon.in/Dell-DEL-Mobile-Mouse-Black/dp/B083V6FWMM/ref=sr_1_297?dchild=1&keywords=wired+mouse&qid=1627296421&sr=8-297
"Vertical Mouse, 3‑Level DPI Intelligent Power Saving 6D Ergonmic Mouse 6 Keys for Men for Office for Womnen for Game(Wired Black)","₹1,349",,https://www.amazon.in/Vertical-3%E2%80%91Level-Intelligent-Saving-Ergonmic/dp/B0973H58ZT/ref=sr_1_298?dchild=1&keywords=wired+mouse&qid=1627296421&sr=8-298
Targus Mini Wired Optical Mouse AMU72AP-30,₹495,4.4 out of 5 stars,https://www.amazon.in/Targus-Wired-Optical-Mouse-AMU72AP-30/dp/B0089TW6Z6/ref=sr_1_301?dchild=1&keywords=wired+mouse&qid=1627296421&sr=8-301
"Mistique® USB 2.0 Wired Optical Mouse 2000 DPI for Laptop,Computer,PC etc.- (Black with Red Light)",₹145,,https://www.amazon.in/Mistique%C2%AE-Wired-Optical-Laptop-Computer/dp/B08TT8F24W/ref=sr_1_302?dchild=1&keywords=wired+mouse&qid=1627296421&sr=8-302
(Renewed) Logitech M221 Silent Wireless Mouse- Red,₹591,3.9 out of 5 stars,https://www.amazon.in/Renewed-Logitech-Silent-Wireless-Mouse/dp/B07L1T9KD4/ref=sr_1_303?dchild=1&keywords=wired+mouse&qid=1627296421&sr=8-303
Optical Vertical Mouse Ergonomic Wired Mouse USB Mice 5 Button for PC Laptop(Grey),"₹1,137",,https://www.amazon.in/Optical-Vertical-Ergonomic-Button-Laptop/dp/B08NFT9XC1/ref=sr_1_305?dchild=1&keywords=wired+mouse&qid=1627296423&sr=8-305
(Renewed) Logitech M221 Silent Wireless Mouse- Charcoal,₹591,4.0 out of 5 stars,https://www.amazon.in/Renewed-Logitech-Silent-Wireless-Charcoal/dp/B07KM1K6RN/ref=sr_1_306?dchild=1&keywords=wired+mouse&qid=1627296423&sr=8-306
